Country,"Density
(P/Km2)",Abbreviation,Agricultural Land( %),Land Area(Km2),Armed Forces size,Birth Rate,Calling Code,Capital/Major City,Co2-Emissions,CPI,CPI Change (%),Currency-Code,Fertility Rate,Forested Area (%),Gasoline Price,GDP,Gross primary education enrollment (%),Gross tertiary education enrollment (%),Infant mortality,Largest city,Life expectancy,Maternal mortality ratio,Minimum wage,Official language,Out of pocket health expenditure,Physicians per thousand,Population,Population: Labor force participation (%),Tax revenue (%),Total tax rate,Unemployment rate,Urban_population,Latitude,Longitude,random_border_country,highest_elevation,coastline_distance,landlocked,most_popular_religion,median_age,death_rate,obesity,literacy,GDP_per_capita,population_below_poverty_line,total_exports,export_partners,internet_users_pct,internet_country_code
Afghanistan,60,AF,58.10%,"652,230","323,000",32.49,93.0,Kabul,"8,672",149.9,2.30%,AFN,4.47,2.10%,$0.70 ,"$19,101,353,833 ",104.00%,9.70%,47.9,Kabul,64.5,638.0,$0.43 ,Pashto,78.40%,0.28,"38,041,754",48.90%,9.30%,71.40%,11.12%,"9,797,273",33.93911,67.709953,China 91 km,"7,492 m",0 km,True,Muslim 99.7% (Sunni 84.7 - 89.7%,19.5 years,"12.08 deaths/1,000 population",5.50%,37.30%,"$1,500.00",54.50%,$1.476 billion,"['United Arab Emirates 45%', 'Pakistan 24%', 'India 22%']",18%,.af
Albania,105,AL,43.10%,"28,748","9,000",11.78,355.0,Tirana,"4,536",119.05,1.40%,ALL,1.62,28.10%,$1.36 ,"$15,278,077,447 ",107.00%,55.00%,7.8,Tirana,78.5,15.0,$1.12 ,Albanian,56.90%,1.2,"2,854,191",55.70%,18.60%,36.60%,12.33%,"1,747,593",41.153332,20.168331,Macedonia 181 km,"2,764 m",362 km,False,Muslim 56.7%,34.3 years,"7.36 deaths/1,000 population",21.70%,98.40%,"$14,500.00",14.30%,$5.612 billion,"['Italy 45%', 'Spain 8%', 'Germany 6%']",79%,.al
Algeria,18,DZ,17.40%,"2,381,741","317,000",24.28,213.0,Algiers,"150,006",151.36,2.00%,DZD,3.02,0.80%,$0.28 ,"$169,988,236,398 ",109.90%,51.40%,20.1,Algiers,76.7,112.0,$0.95 ,Arabic,28.10%,1.72,"43,053,054",41.20%,37.20%,66.10%,11.70%,"31,510,100",28.033886,1.659626,"Mali 1,359 km","2,908 m",998 km,False,Muslim (official; predominantly Sunni) 99%,28.9 years,"4.33 deaths/1,000 population",27.40%,81.40%,"$11,000.00",5.50%,$41.776 billion,"['Italy 13%', 'France 13%', 'Spain 12%']",71%,.dz
Andorra,164,AD,40.00%,468,,7.2,376.0,Andorra la Vella,469,,,EUR,1.27,34.00%,$1.51 ,"$3,154,057,987 ",106.40%,,2.7,Andorra la Vella,,,$6.63 ,Catalan,36.40%,3.33,"77,142",,,,,"67,873",42.506285,1.521801,Spain 63 km,"2,946 m",0 km,True,Christian (predominantly Roman Catholic) 89.5,46.2 years,"7.98 deaths/1,000 population",25.60%,100%,"$49,900.00",,$1.842 billion,"['Spain 40%', 'France 19%', 'United States 11%']",94%,.ad
Angola,26,AO,47.50%,"1,246,700","117,000",40.73,244.0,Luanda,"34,693",261.73,17.10%,AOA,5.52,46.30%,$0.97 ,"$94,635,415,870 ",113.50%,9.30%,51.6,Luanda,60.8,241.0,$0.71 ,Portuguese,33.40%,0.21,"31,825,295",77.50%,9.20%,49.10%,6.89%,"21,061,025",-11.202692,17.873887,"Zambia 1,065 km","2,620 m","1,600 km",True,Roman Catholic 41.1%,15.9 years,"7.8 deaths/1,000 population",8.20%,71.10%,"$5,900.00",32.30%,$33.675 billion,"['China 62%', 'India 10%', 'United Arab Emirates 4%']",33%,.ao
Antigua and Barbuda,223,AG,20.50%,443,0,15.33,1.0,"St. John's, Saint John",557,113.81,1.20%,XCD,1.99,22.30%,$0.99 ,"$1,727,759,259 ",105.00%,24.80%,5.0,"St. John's, Saint John",76.9,42.0,$3.04 ,English,24.30%,2.76,"97,118",,16.50%,43.00%,,"23,800",17.060816,-61.796428,,402 m,153 km,False,Protestant 68.3% (Anglican 17.6%,32.7 years,"5.69 deaths/1,000 population",18.90%,99%,"$19,100.00",,$749.476 million,"['Suriname 20%', 'Barbados 17%', 'Poland 12%']",96%,.ag
Argentina,17,AR,54.30%,"2,780,400","105,000",17.02,54.0,Buenos Aires,"201,348",232.75,53.50%,ARS,2.26,9.80%,$1.10 ,"$449,663,446,954 ",109.70%,90.00%,8.8,Buenos Aires,76.5,39.0,$3.35 ,Spanish,17.60%,3.96,"44,938,712",61.30%,10.10%,106.30%,9.79%,"41,339,571",-38.416097,-63.616672,Bolivia 942 km,"6,962 m","4,989 km",False,Roman Catholic 62.9%,32.4 years,"7.28 deaths/1,000 population",28.30%,99%,"$21,500.00",35.50%,$87.415 billion,"['Brazil 16%', 'China 11%', 'United States 7%']",87%,.ar
Armenia,104,AM,58.90%,"29,743","49,000",13.99,374.0,Yerevan,"5,156",129.18,1.40%,AMD,1.76,11.70%,$0.77 ,"$13,672,802,158 ",92.70%,54.60%,11.0,Yerevan,74.9,26.0,$0.66 ,Armenian,81.60%,4.4,"2,957,731",55.60%,20.90%,22.60%,16.99%,"1,869,848",40.069099,45.038189,Georgia 219 km,"4,090 m",0 km,True,Armenian Apostolic Christian 92.6%,36.6 years,"9.54 deaths/1,000 population",20.20%,99.80%,"$14,200.00",26.40%,$5.012 billion,"['Russia 22%', 'Switzerland 20%', 'China 7%']",79%,.am
Australia,3,AU,48.20%,"7,741,220","58,000",12.6,61.0,Canberra,"375,908",119.8,1.60%,AUD,1.74,16.30%,$0.93 ,"$1,392,680,589,329 ",100.30%,113.10%,3.1,Sydney,82.7,6.0,$13.59 ,,19.60%,3.68,"25,766,605",65.50%,23.00%,47.40%,5.27%,"21,844,756",-25.274398,133.775136,,"2,228 m","25,760 km",True,Roman Catholic 20%,37.5 years,"6.76 deaths/1,000 population",29%,,"$49,800.00",,$389.794 billion,"['China 40%', 'Japan 14%', 'South Korea 9%']",96%,.au
Austria,109,AT,32.40%,"83,871","21,000",9.7,43.0,Vienna,"61,448",118.06,1.50%,EUR,1.47,46.90%,$1.20 ,"$446,314,739,528 ",103.10%,85.10%,2.9,Vienna,81.6,5.0,,German,17.90%,5.17,"8,877,067",60.70%,25.40%,51.40%,4.67%,"5,194,416",47.516231,14.550072,Switzerland 158 km,"3,798 m",0 km,True,Roman Catholic 55.2%,44.5 years,"9.86 deaths/1,000 population",20.10%,,"$54,100.00",13.30%,$268.277 billion,"['Germany 28%', 'United States 7%', 'Italy 6%']",93%,.at
Azerbaijan,123,AZ,57.70%,"86,600","82,000",14.0,994.0,Baku,"37,620",156.32,2.60%,AZN,1.73,14.10%,$0.56 ,"$39,207,000,000 ",99.70%,27.70%,19.2,Baku,72.9,26.0,$0.47 ,Azerbaijani language,78.60%,3.45,"10,023,318",66.50%,13.00%,40.70%,5.51%,"5,616,165",40.143105,47.576927,Iran 689 km,"4,466 m",0 km,True,Muslim 97.3% (predominantly Shia),32.6 years,"6.92 deaths/1,000 population",19.90%,99.80%,"$14,400.00",4.90%,$25.488 billion,"['Italy 28%', 'Turkey 15%', 'Israel 7%']",86%,.az
The Bahamas,39,BS,1.40%,"13,880","1,000",13.97,1.0,"Nassau, Bahamas","1,786",116.22,2.50%,,1.75,51.40%,$0.92 ,"$12,827,000,000 ",81.40%,15.10%,8.3,"Nassau, Bahamas",73.8,70.0,$5.25 ,English,27.80%,1.94,"389,482",74.60%,14.80%,33.80%,10.36%,"323,784",25.03428,-77.39628,,,,,,,,,,,,,,,
Bahrain,"2,239",BH,11.10%,765,"19,000",13.99,973.0,Manama,"31,694",117.59,2.10%,BHD,1.99,0.80%,$0.43 ,"$38,574,069,149 ",99.40%,50.50%,6.1,Riffa,77.2,14.0,,Arabic,25.10%,0.93,"1,501,635",73.40%,4.20%,13.80%,0.71%,"1,467,109",26.0667,50.5577,,135 m,161 km,False,Muslim 73.7%,32.9 years,"2.83 deaths/1,000 population",29.80%,97.50%,"$49,400.00",,$30.097 billion,"['United Arab Emirates 31%', 'Saudi Arabia 12%', 'Japan 8%']",100%,.bh
Bangladesh,"1,265",BD,70.60%,"148,460","221,000",18.18,880.0,Dhaka,"84,246",179.68,5.60%,BDT,2.04,11.00%,$1.12 ,"$302,571,254,131 ",116.50%,20.60%,25.1,Dhaka,72.3,173.0,$0.51 ,Bengali,71.80%,0.58,"167,310,838",59.00%,8.80%,33.40%,4.19%,"60,987,417",23.684994,90.356331,"India 4,142 km","1,060 m",580 km,True,Muslim 88.4%,27.9 years,"5.5 deaths/1,000 population",3.60%,74.90%,"$5,900.00",24.30%,$49.386 billion,"['United States 15%', 'Germany 14%', 'United Kingdom 8%']",39%,.bd
Barbados,668,BB,23.30%,430,"1,000",10.65,1.0,Bridgetown,"1,276",134.09,4.10%,BBD,1.62,14.70%,$1.81 ,"$5,209,000,000 ",99.40%,65.40%,11.3,Bridgetown,79.1,27.0,$3.13 ,English,45.20%,2.48,"287,025",65.20%,27.50%,35.60%,10.33%,"89,431",13.193887,-59.543198,,336 m,97 km,False,Protestant 66.4% (includes Anglican 23.9%,39.5 years,"8.03 deaths/1,000 population",23.10%,99.60%,"$13,800.00",,$357 million,"['United States 20%', 'Jamaica 12%', 'Guyana 8%']",86%,.bb
Belarus,47,BY,42.00%,"207,600","155,000",9.9,375.0,Minsk,"58,280",,5.60%,BYN,1.45,42.60%,$0.60 ,"$63,080,457,023 ",100.50%,87.40%,2.6,Minsk,74.2,2.0,$1.49 ,Russian,34.50%,5.19,"9,466,856",64.10%,14.70%,53.30%,4.59%,"7,482,982",53.709807,27.953389,Poland 375 km,346 m,0 km,True,Orthodox 48.3%,40.9 years,"12.81 deaths/1,000 population",24.50%,99.90%,"$19,800.00",5%,$49.425 billion,"['Russia 42%', 'Ukraine 13%', 'United Kingdom 7%']",87%,.by
Belgium,383,BE,44.60%,"30,528","32,000",10.3,32.0,City of Brussels,"96,889",117.11,1.40%,EUR,1.62,22.60%,$1.43 ,"$529,606,710,418 ",103.90%,79.70%,2.9,Brussels,81.6,5.0,$10.31 ,French,17.60%,3.07,"11,484,055",53.60%,24.00%,55.40%,5.59%,"11,259,082",50.503887,4.469936,Luxembourg 130 km,694 m,66.5 km,False,Roman Catholic 57.1%,41.6 years,"9.57 deaths/1,000 population",22.10%,,"$51,700.00",14.80%,$515.625 billion,"['Germany 17%', 'France 14%', 'Netherlands 13%']",91%,.be
Belize,17,BZ,7.00%,"22,966","2,000",20.79,501.0,Belmopan,568,105.68,-0.90%,BZD,2.31,59.70%,$1.13 ,"$1,879,613,600 ",111.70%,24.70%,11.2,Belize City,74.5,36.0,$1.65 ,English,22.70%,1.12,"390,353",65.10%,26.30%,31.10%,6.41%,"179,039",17.189877,-88.49765,Guatemala 266 km,"1,124 m",386 km,False,Roman Catholic 40.1%,23.9 years,"3.89 deaths/1,000 population",24.10%,,"$8,800.00",41%,$1.044 billion,"['United States 16%', 'United Kingdom 16%', 'Guatemala 7%']",62%,.bz
Benin,108,BJ,33.30%,"112,622","12,000",36.22,229.0,Porto-Novo,"6,476",110.71,-0.90%,XOF,4.84,37.80%,$0.72 ,"$14,390,709,095 ",122.00%,12.30%,60.5,Cotonou,61.5,397.0,$0.39 ,French,40.50%,0.08,"11,801,151",70.90%,10.80%,48.90%,2.23%,"5,648,149",9.30769,2.315834,Burkina Faso 386 km,,121 km,False,Muslim 27.7%,17 years,"7.82 deaths/1,000 population",9.60%,45.80%,"$3,300.00",38.50%,$3.506 billion,"['Nigeria 25%', 'Bangladesh 14%', 'United Arab Emirates 14%']",34%,.bj
Bhutan,20,BT,13.60%,"38,394","6,000",17.26,975.0,Thimphu,"1,261",167.18,2.70%,,1.98,72.50%,$0.98 ,"$2,446,674,101 ",100.10%,15.60%,24.8,Thimphu,71.5,183.0,$0.32 ,Dzongkha,19.80%,0.42,"727,145",66.70%,16.00%,35.30%,2.34%,"317,538",27.514162,90.433601,India 659 km,"7,570 m",0 km,True,Lamaistic Buddhist 75.3%,29.1 years,"6.05 deaths/1,000 population",6.40%,70.90%,"$10,900.00",8.20%,$741.602 million,['India 94%'],86%,.bt
Bolivia,11,BO,34.80%,"1,098,581","71,000",21.75,591.0,Sucre,"21,606",148.32,1.80%,BOB,2.73,50.30%,$0.71 ,"$40,895,322,865 ",98.20%,,21.8,Santa Cruz de la Sierra,71.2,155.0,$1.36 ,Spanish,25.90%,1.59,"11,513,100",71.80%,17.00%,83.70%,3.50%,"8,033,035",-16.290154,-63.588653,Chile 942 km,"6,542 m",0 km,True,Roman Catholic 70%,25.3 years,"4.33 deaths/1,000 population",20.20%,92.50%,"$8,100.00",37.20%,$11.439 billion,"['Argentina 16%', 'Brazil 15%', 'United Arab Emirates 12%']",66%,.bo
Bosnia and Herzegovina,64,BA,43.10%,"51,197","11,000",8.11,387.0,Sarajevo,"21,848",104.9,0.60%,BAM,1.27,42.70%,$1.05 ,"$20,047,848,435 ",,23.30%,5.0,Tuzla Canton,77.3,10.0,$1.04 ,Bosnian,28.60%,2.16,"3,301,000",46.40%,20.40%,23.70%,18.42%,"1,605,144",43.915886,17.679076,Montenegro 242 km,"2,386 m",20 km,True,Muslim 50.7%,43.3 years,"10.26 deaths/1,000 population",17.90%,98.10%,"$15,700.00",16.90%,$9.948 billion,"['Germany 14%', 'Italy 12%', 'Croatia 11%']",76%,.ba
Botswana,4,BW,45.60%,"581,730","9,000",24.82,267.0,Gaborone,"6,340",149.75,2.80%,BWP,2.87,18.90%,$0.71 ,"$18,340,510,789 ",103.20%,24.90%,30.0,Gaborone,69.3,144.0,$0.29 ,English,5.30%,0.37,"2,346,179",70.80%,19.50%,25.10%,18.19%,"1,616,550",-22.328474,24.684866,Zambia 0.15 km,"1,495 m",0 km,True,Christian 79.1%,25.7 years,"8.98 deaths/1,000 population",18.90%,88.50%,"$14,800.00",19.30%,$7.931 billion,"['India 21%', 'Belgium 19%', 'United Arab Emirates 19%']",74%,.bw
Brazil,25,BR,33.90%,"8,515,770","730,000",13.92,55.0,Bras���,"462,299",167.4,3.70%,BRL,1.73,58.90%,$1.02 ,"$1,839,758,040,766 ",115.40%,51.30%,12.8,S����,75.7,60.0,$1.53 ,Portuguese,28.30%,2.15,"212,559,417",63.90%,14.20%,65.10%,12.08%,"183,241,641",-14.235004,-51.92528,Suriname 515 km,"2,994 m","7,491 km",False,Roman Catholic 64.6%,33.2 years,"6.9 deaths/1,000 population",22.10%,94.30%,"$14,600.00",4.20%,$317.175 billion,"['China 28%', 'United States 13%']",81%,.br
Brunei,83,BN,2.70%,"5,765","8,000",14.9,673.0,Bandar Seri Begawan,"7,664",99.03,-0.40%,BND,1.85,72.10%,$0.37 ,"$13,469,422,941 ",103.20%,31.40%,9.8,,75.7,31.0,,Malay,6.00%,1.61,"433,285",64.70%,,8.00%,9.12%,"337,711",4.535277,114.727669,Malaysia 266 km,"1,850 m",161 km,False,Muslim (official) 82.1%,31.1 years,"3.85 deaths/1,000 population",14.10%,97.60%,"$60,100.00",,$11.202 billion,"['Japan 34%', 'Australia 12%', 'Singapore 10%']",98%,.bn
Bulgaria,64,BG,46.30%,"110,879","31,000",8.9,359.0,Sofia,"41,708",114.42,3.10%,BGN,1.56,35.40%,$1.11 ,"$86,000,000,000 ",89.30%,71.00%,5.9,Sofia,74.9,10.0,$1.57 ,Bulgarian,47.70%,4.03,"6,975,761",55.40%,20.20%,28.30%,4.34%,"5,256,027",42.733883,25.48583,Romania 605 km,"2,925 m",354 km,False,Eastern Orthodox 59.4%,43.7 years,"14.31 deaths/1,000 population",25%,98.40%,"$24,400.00",23.80%,$51.505 billion,"['Germany 16%', 'Romania 8%', 'Italy 7%']",75%,.bg
Burkina Faso,76,BF,44.20%,"274,200","11,000",37.93,226.0,Ouagadougou,"3,418",106.58,-3.20%,XOF,5.19,19.30%,$0.98 ,"$15,745,810,235 ",96.10%,6.50%,49.0,Ouagadougou,61.2,320.0,$0.34 ,French,36.10%,0.08,"20,321,378",66.40%,15.00%,41.30%,6.26%,"6,092,349",12.238333,-1.561593,Cote d'Ivoire 545 km,749 m,0 km,True,Muslim 63.2%,17.9 years,"7.5 deaths/1,000 population",5.60%,46%,"$2,200.00",41.40%,$5.356 billion,"['Switzerland 59%', 'India 21%']",22%,.bf
Burundi,463,BI,79.20%,"27,830","31,000",39.01,257.0,Bujumbura,495,182.11,-0.70%,BIF,5.41,10.90%,$1.21 ,"$3,012,334,882 ",121.40%,6.10%,41.0,Bujumbura,61.2,548.0,,Kirundi,19.10%,0.1,"11,530,580",79.20%,13.60%,41.20%,1.43%,"1,541,177",-3.373056,29.918886,Democratic Republic of the Congo 236 km,"2,685 m",0 km,True,Roman Catholic 58.6%,17.7 years,"5.85 deaths/1,000 population",5.40%,74.70%,$700.00,64.60%,$285.105 million,"['United Arab Emirates 50%', 'Democratic Republic of the Congo 7%']",5.80%,.bi
Ivory Coast,83,CI,64.80%,"322,463","27,000",35.74,225.0,Yamoussoukro,"9,674",111.61,-0.90%,XOF,4.65,32.70%,$0.93 ,"$58,792,205,642 ",99.80%,9.30%,59.4,Abidjan,57.4,617.0,$0.36 ,French,36.00%,0.23,"25,716,544",57.00%,11.80%,50.10%,3.32%,"13,176,900",7.539989,-5.54708,,,,,,,,,,,,,,,
Cape Verde,138,CV,19.60%,"4,033","1,000",19.49,238.0,Praia,543,110.5,1.10%,CVE,2.27,22.50%,$1.02 ,"$1,981,845,741 ",104.00%,23.60%,16.7,Praia,72.8,58.0,$0.68 ,Portuguese,23.20%,0.77,"483,628",60.50%,20.10%,37.50%,12.25%,"364,029",16.5388,-23.0418,,,,,,,,,,,,,,,
Cambodia,95,KH,30.90%,"181,035","191,000",22.46,855.0,Phnom Penh,"9,919",127.63,2.50%,,2.5,52.90%,$0.90 ,"$27,089,389,787 ",107.40%,13.70%,24.0,Phnom Penh,69.6,160.0,,Khmer language,59.40%,0.17,"16,486,542",82.30%,17.10%,23.10%,0.68%,"3,924,621",12.565679,104.990963,Vietnam 1158 km,"1,810 m",443 km,False,Buddhist (official) 97.1%,26.4 years,"5.7 deaths/1,000 population",3.90%,83.90%,"$4,400.00",16.50%,$20.126 billion,"['United States 21%', 'Singapore 8%', 'Thailand 8%']",60%,.kh
Cameroon,56,CM,20.60%,"475,440","24,000",35.39,237.0,Yaound�,"8,291",118.65,2.50%,XAF,4.57,39.30%,$1.03 ,"$38,760,467,033 ",103.40%,12.80%,50.6,Douala,58.9,529.0,$0.35 ,French,69.70%,0.09,"25,876,380",76.10%,12.80%,57.70%,3.38%,"14,741,256",7.369722,12.354722,Equatorial Guinea 183 km,"4,045 m",402 km,False,Roman Catholic 38.3%,18.5 years,"7.54 deaths/1,000 population",11.40%,77.10%,"$3,700.00",37.50%,$7.449 billion,"['China 17%', 'Netherlands 14%', 'Italy 9%']",46%,.cm
Canada,4,CA,6.90%,"9,984,670","72,000",10.1,1.0,Ottawa,"544,894",116.76,1.90%,CAD,1.5,38.20%,$0.81 ,"$1,736,425,629,520 ",100.90%,68.90%,4.3,Toronto,81.9,10.0,$9.51 ,French,14.60%,2.61,"36,991,981",65.10%,12.80%,24.50%,5.56%,"30,628,482",56.130366,-106.346771,,"5,959 m","202,080 km",True,Christian 53.3%,41.8 years,"8.17 deaths/1,000 population",29.40%,,"$47,900.00",9.40%,$611.146 billion,['US 73%'],93%,.ca
Central African Republic,8,CF,8.20%,"622,984","8,000",35.35,236.0,Bangui,297,186.86,37.10%,,4.72,35.60%,$1.41 ,"$2,220,307,369 ",102.00%,3.00%,84.5,Bangui,52.8,829.0,$0.37 ,French,39.60%,0.06,"4,745,185",72.00%,8.60%,73.30%,3.68%,"1,982,064",6.611111,20.939444,Cameroon 901 km,"1,410 m",0 km,True,Christian 89%,20 years,"11.51 deaths/1,000 population",7.50%,37.40%,$800.00,62%,$113.7 million,"['China 41%', 'United Arab Emirates 19%', 'France 7%']",11%,.cf
Chad,13,TD,39.70%,"1,284,000","35,000",42.17,235.0,N'Djamena,"1,016",117.7,-1.00%,XAF,5.75,3.80%,$0.78 ,"$11,314,951,343 ",86.80%,3.30%,71.4,N'Djamena,54.0,1140.0,$0.60 ,French,56.40%,0.04,"15,946,876",70.70%,,63.50%,1.89%,"3,712,273",15.454166,18.732207,"Sudan 1,403 km","3,445 m",0 km,True,Muslim 52.1%,16.1 years,"9.21 deaths/1,000 population",6.10%,26.80%,"$1,400.00",42.30%,$2.464 billion,"['China 32%', 'United Arab Emirates 21%', 'India 19%']",18%,.td
Chile,26,CL,21.20%,"756,096","122,000",12.43,56.0,Santiago,"85,822",131.91,2.60%,CLP,1.65,24.30%,$1.03 ,"$282,318,159,745 ",101.40%,88.50%,6.2,Santiago,80.0,13.0,$2.00 ,Spanish,32.20%,2.59,"18,952,038",62.60%,18.20%,34.00%,7.09%,"16,610,135",-35.675147,-71.542969,"Argentina 6,691 km",world) m,"6,435 km",False,Roman Catholic 60%,35.5 years,"6.58 deaths/1,000 population",28%,97%,"$25,400.00",8.60%,$100.634 billion,"['China 32%', 'United States 14%', 'Japan 9%']",90%,.cl
China,153,CN,56.20%,"9,596,960","2,695,000",10.9,86.0,Beijing,"9,893,038",125.08,2.90%,CNY,1.69,22.40%,$0.96 ,"$19,910,000,000,000 ",100.20%,50.60%,7.4,Shanghai,77.0,29.0,$0.87 ,Standard Chinese,32.40%,1.98,"1,397,715,000",68.00%,9.40%,59.20%,4.32%,"842,933,962",35.86166,104.195397,"India 2,659 km","8,849 m","14,500 km",True,folk religion 21.9%,38.4 years,"7.82 deaths/1,000 population",6.20%,96.80%,"$17,600.00",0.60%,$3.554 trillion,"['United States 17%', 'Hong Kong 10%', 'Japan 6%']",73%,.cn
Colombia,46,CO,40.30%,"1,138,910","481,000",14.88,57.0,Bogot�,"97,814",140.95,3.50%,COP,1.81,52.70%,$0.68 ,"$323,802,808,108 ",114.50%,55.30%,12.2,Bogot�,77.1,83.0,$1.23 ,Spanish,18.30%,2.18,"50,339,443",68.80%,14.40%,71.20%,9.71%,"40,827,302",4.570868,-74.297333,"Peru 1,494 km","5,730 m","3,208 km",False,Christian 92.3% (predominantly Roman Catholic),31.2 years,"7.84 deaths/1,000 population",22.30%,95.60%,"$14,600.00",35.70%,$50.793 billion,"['United States 31%', 'China 11%', 'Panama 6%']",73%,.co
Comoros,467,KM,71.50%,"2,235",,31.88,269.0,"Moroni, Comoros",202,103.62,-4.30%,KMF,4.21,19.70%,,"$1,185,728,677 ",99.50%,9.00%,51.3,"Moroni, Comoros",64.1,273.0,$0.71 ,French,74.80%,0.27,"850,886",43.30%,,219.60%,4.34%,"248,152",-11.6455,43.3333,,"2,360 m",340 km,True,Sunni Muslim 98%,20.9 years,"6.49 deaths/1,000 population",7.80%,62%,"$3,200.00",42.40%,$139.575 million,"['France 32%', 'India 23%', 'Germany 10%']",27%,.km
Republic of the Congo,16,,31.10%,"342,000","12,000",32.86,242.0,Brazzaville,"3,282",124.74,2.20%,XAF,4.43,65.40%,$0.97 ,"$10,820,591,131 ",106.60%,12.70%,36.2,Brazzaville,64.3,378.0,$0.88 ,French,43.80%,0.12,"5,380,508",69.40%,9.00%,54.30%,9.47%,"3,625,010",-0.228021,15.827659,,,,,,,,,,,,,,,
Costa Rica,100,CR,34.50%,"51,100","10,000",13.97,506.0,San Jos������,"8,023",128.85,2.10%,CRC,1.75,54.60%,$0.98 ,"$61,773,944,174 ",113.30%,55.20%,7.6,San Jos������,80.1,27.0,$1.84 ,Spanish,21.50%,2.89,"5,047,561",62.10%,13.60%,58.30%,11.85%,"4,041,885",9.748917,-83.753428,Nicaragua 313 km,"3,819 m","1,290 km",True,Roman Catholic 47.5%,32.6 years,"4.97 deaths/1,000 population",25.70%,98%,"$21,200.00",21%,$23.761 billion,"['United States 38%', 'Netherlands 6%', 'Belgium 5%']",83%,.cr
Croatia,73,HR,27.60%,"56,594","18,000",9.0,385.0,Zagreb,"17,488",109.82,0.80%,HRK,1.47,34.40%,$1.26 ,"$60,415,553,039 ",96.50%,67.90%,4.0,Zagreb,78.1,8.0,$2.92 ,Croatian,15.20%,3.0,"4,067,500",51.20%,22.00%,20.50%,6.93%,"2,328,318",45.1,15.2,Montenegro 19 km,"1,831 m","5,835 km",False,Roman Catholic 86.3%,43.9 years,"12.98 deaths/1,000 population",24.40%,99.40%,"$31,600.00",18.30%,$35.308 billion,"['Italy 13%', 'Germany 13%', 'Slovenia 10%']",81%,.hr
Cuba,106,CU,59.90%,"110,860","76,000",10.17,53.0,Havana,"28,284",,,CUP,1.62,31.30%,$1.40 ,"$100,023,000,000 ",101.90%,41.40%,3.7,Havana,78.7,36.0,$0.05 ,Spanish,,8.42,"11,333,483",53.60%,,,1.64%,"8,739,135",21.521757,-77.781167,US Naval Base at Guantanamo Bay 28.5 km,"1,974 m","3,735 km",False,Christian 58.9%,42.1 years,"9.37 deaths/1,000 population",24.60%,99.70%,"$12,300.00",,$2.63 billion,"['China 38%', 'Spain 11%', 'Netherlands 5%']",71%,.cu
Cyprus,131,CY,12.20%,"9,251","16,000",10.46,357.0,Nicosia,"6,626",102.51,0.30%,EUR,1.33,18.70%,$1.23 ,"$24,564,647,935 ",99.30%,75.90%,1.9,Statos�������,80.8,6.0,,Greek,43.90%,1.95,"1,198,575",63.10%,24.50%,22.40%,7.27%,"800,708",35.126413,33.429859,,"1,951 m",648 km,False,Eastern Orthodox Christian 89.1%,37.9 years,"6.99 deaths/1,000 population",21.80%,99.40%,"$41,700.00",14.70%,$24.551 billion,"['India 9%', 'Greece 9%', 'Libya 8%']",91%,.cy
Czech Republic,139,CZ,45.20%,"78,867","23,000",10.7,420.0,Prague,"102,218",116.48,2.80%,CZK,1.69,34.60%,$1.17 ,"$246,489,245,495 ",100.70%,64.10%,2.7,Prague,79.0,3.0,$3.00 ,Czech,14.80%,4.12,"10,669,709",60.60%,14.90%,46.10%,1.93%,"7,887,156",49.817492,15.472962,,,,,,,,,,,,,,,
Democratic Republic of the Congo,40,CD,11.60%,"2,344,858","134,000",41.18,243.0,Kinshasa,"2,021",133.85,2.90%,CDF,5.92,67.20%,$1.49 ,"$47,319,624,204 ",108.00%,6.60%,68.2,Kinshasa,60.4,473.0,$0.18 ,French,37.40%,0.07,"86,790,567",63.50%,10.70%,50.70%,4.24%,"39,095,679",-4.038333,21.758664,,,,,,,,,,,,,,,
Denmark,137,DK,62.00%,"43,094","15,000",10.6,45.0,Copenhagen,"31,786",110.35,0.80%,DKK,1.73,14.70%,$1.55 ,"$348,078,018,464 ",101.30%,80.60%,3.6,Copenhagen,81.0,4.0,,Danish,13.70%,4.01,"5,818,553",62.20%,32.40%,23.80%,4.91%,"5,119,978",56.26392,9.501785,,171 m,"7,314 km",False,Evangelical Lutheran (official) 74.7%,42 years,"9.55 deaths/1,000 population",19.70%,,"$58,000.00",12.50%,$234.262 billion,"['Germany 14%', 'United States 10%', 'Sweden 10%']",99%,.dk
Djibouti,43,DJ,73.40%,"23,200","13,000",21.47,253.0,Djibouti City,620,120.25,3.30%,DJF,2.73,0.20%,$1.32 ,"$3,318,716,359 ",75.30%,5.30%,49.8,Djibouti City,66.6,248.0,,French,20.40%,0.22,"973,560",60.20%,,37.90%,10.30%,"758,549",11.825138,42.590275,Eritrea 125 km,"2,021 m",314 km,False,Sunni Muslim 94% (nearly all Djiboutians),24.9 years,"7.08 deaths/1,000 population",13.50%,,"$4,900.00",21.10%,$5.16 billion,"['Saudi Arabia 42%', 'India 15%', 'China 14%']",69%,.dj
Dominica,96,DM,33.30%,751,,12.0,1.0,Roseau,180,103.87,1.00%,XCD,1.9,57.40%,,"$596,033,333 ",114.70%,7.20%,32.9,Roseau,76.6,,$1.48 ,English,28.40%,1.08,"71,808",,22.10%,32.60%,,"50,830",15.414999,-61.370976,,"1,447 m",148 km,False,Roman Catholic 52.7%,34.9 years,"8.12 deaths/1,000 population",27.90%,,"$10,900.00",29%,$104.959 million,"['Saudi Arabia 28%', 'France 6%', 'United States 5%']",81%,.dm
Dominican Republic,225,DO,48.70%,"48,670","71,000",19.51,1.0,Santo Domingo,"25,258",135.5,1.80%,DOP,2.35,41.70%,$1.07 ,"$88,941,298,258 ",105.70%,59.90%,24.1,Santo Domingo,73.9,95.0,$0.40 ,Spanish,43.70%,1.56,"10,738,958",64.30%,13.00%,48.80%,5.84%,"8,787,475",18.735693,-70.162651,Haiti 376 km,"3,098 m","1,288 km",False,Roman Catholic 44.3%,27.9 years,"6.31 deaths/1,000 population",27.60%,95.20%,"$18,600.00",21%,$20.509 billion,"['United States 51%', 'Haiti 7%', 'Switzerland 7%']",85%,.do
Ecuador,71,EC,22.20%,"283,561","41,000",19.72,593.0,Quito,"41,155",124.14,0.30%,USD,2.43,50.20%,$0.61 ,"$107,435,665,000 ",103.30%,44.90%,12.2,Quito,76.8,59.0,$2.46 ,Spanish,43.70%,2.04,"17,373,662",68.00%,,34.40%,3.97%,"11,116,711",-1.831239,-78.183406,Peru 1529 km,"6,267 m","2,237 km",False,Roman Catholic 68.8%,28.8 years,"5.18 deaths/1,000 population",19.90%,94.50%,"$10,700.00",25%,$29.325 billion,"['United States 30%', 'China 13%', 'Panama 8%']",76%,.ec
Egypt,103,EG,3.80%,"1,001,450","836,000",26.38,20.0,Cairo,"238,560",288.57,9.20%,EGP,3.33,0.10%,$0.40 ,"$303,175,127,598 ",106.30%,35.20%,18.1,Cairo,71.8,37.0,,Modern Standard Arabic,62.00%,0.45,"100,388,073",46.40%,12.50%,44.40%,10.76%,"42,895,824",26.820553,30.802498,"Sudan 1,276 km","2,629 m","2,450 km",True,Muslim (predominantly Sunni) 90%,24.1 years,"4.32 deaths/1,000 population",32%,73.10%,"$11,600.00",32.50%,$58.339 billion,"['United States 8%', 'Turkey 7%', 'Greece 7%']",72%,.eg
El Salvador,313,SV,76.40%,"21,041","42,000",18.25,503.0,San Salvador,"7,169",111.23,0.10%,,2.04,12.60%,$0.83 ,"$27,022,640,000 ",94.80%,29.40%,11.8,San Salvador,73.1,46.0,$0.50 ,Spanish,27.90%,1.57,"6,453,553",59.10%,18.10%,36.40%,4.11%,"4,694,702",13.794185,-88.89653,Honduras 391 km,"2,730 m",307 km,False,Roman Catholic 50%,27.7 years,"5.92 deaths/1,000 population",24.60%,89.10%,"$9,100.00",22.80%,$8.491 billion,"['United States 40%', 'Guatemala 15%', 'Honduras 15%']",63%,.sv
Equatorial Guinea,50,GQ,10.10%,"28,051","1,000",33.24,240.0,Malabo,"5,655",124.35,1.20%,XAF,4.51,55.50%,,"$11,026,774,945 ",61.80%,1.90%,62.6,Malabo,58.4,301.0,$1.05 ,Spanish,72.00%,0.4,"1,355,986",62.00%,6.10%,79.40%,6.43%,"984,812",1.650801,10.267895,Gabon 345 km,"3,008 m",296 km,False,Roman Catholic 88%,20.3 years,"8.9 deaths/1,000 population",8%,95.30%,"$14,600.00",44%,$8.776 billion,"['China 34%', 'India 19%', 'Spain 11%']",54%,.gq
Eritrea,35,ER,75.20%,"117,600","202,000",30.3,291.0,Asmara,711,,,ERN,4.06,14.90%,$2.00 ,"$2,065,001,626 ",68.40%,3.40%,31.3,Asmara,65.9,480.0,,Tigrinya,52.40%,0.06,"6,333,135",78.40%,,83.70%,5.14%,"1,149,670",15.179384,39.782334,"Ethiopia 1,033 km","3,018 m","2,234 km",False,Eritrean Orthodox,20.3 years,"6.6 deaths/1,000 population",5%,76.60%,"$1,600.00",50%,$624.3 million,"['China 62%', 'South Korea 28.3%']",22%,.er
Estonia,31,EE,23.10%,"45,228","6,000",10.9,372.0,Tallinn,"16,590",122.14,2.30%,EUR,1.59,51.30%,$1.14 ,"$31,386,949,981 ",97.20%,69.60%,2.1,Tallinn,78.2,9.0,$3.14 ,Estonian,22.80%,4.48,"1,331,824",63.60%,20.90%,47.80%,5.11%,"916,024",58.595272,25.013607,Russia 324 km,318 m,"3,794 km",False,Orthodox 16.2%,43.7 years,"13.13 deaths/1,000 population",21.20%,99.90%,"$38,700.00",21.70%,$29.056 billion,"['Finland 12%', 'United States 9%', 'Latvia 9%']",91%,.ee
Eswatini,67,,,"17,364",,,268.0,Mbabane,,,,,,,,"$3,791,304,348 ",,,,Mbabane,,,,English,11.30%,,"1,093,238",,28.60%,,,,-26.522503,31.465866,South Africa 438 km,"1,862 m",0 km,True,Christian 90% (Zionist - a blend of Christianity and traditional African religions - 40%,23.7 years,"9.53 deaths/1,000 population",16.50%,88.40%,"$8,900.00",58.90%,$2.132 billion,['South Africa 94%'],59%,.sz
Ethiopia,115,ET,36.30%,"1,104,300","138,000",32.34,251.0,Addis Ababa,"14,870",143.86,15.80%,ETB,4.25,12.50%,$0.75 ,"$96,107,662,398 ",101.00%,8.10%,39.1,Addis Ababa,66.2,401.0,,Amharic,37.80%,0.08,"112,078,730",79.60%,7.50%,37.70%,2.08%,"23,788,710",9.145,40.489673,Sudan 744 km,"4,550 m",0 km,True,Ethiopian Orthodox 43.8%,19.8 years,"5.6 deaths/1,000 population",4.50%,51.80%,"$2,300.00",23.50%,$9.496 billion,"['China 17%', 'United States 16%', 'United Arab Emirates 8%']",17%,.et
Fiji,49,FJ,23.30%,"18,274","4,000",21.28,679.0,Suva,"2,046",132.3,1.80%,FJD,2.77,55.90%,$0.82 ,"$5,535,548,972 ",106.40%,16.10%,21.6,Suva,67.3,34.0,$1.28 ,Fiji Hindi,21.40%,0.84,"889,953",57.60%,24.20%,32.10%,4.10%,"505,048",-17.713371,178.065032,,"1,324 m","1,129 km",False,Protestant 45% (Methodist 34.6%,29.9 years,"6.44 deaths/1,000 population",30.20%,99.10%,"$10,400.00",29.90%,$1.171 billion,"['United States 29%', 'Australia 14%', 'New Zealand 7%']",88%,.fj
Finland,18,FI,7.50%,"338,145","25,000",8.6,358.0,Helsinki,"45,871",112.33,1.00%,EUR,1.41,73.10%,$1.45 ,"$268,761,201,365 ",100.20%,88.20%,1.4,Helsinki,81.7,3.0,,Swedish,19.90%,3.81,"5,520,314",59.10%,20.80%,36.60%,6.59%,"4,716,888",61.92411,25.748151,Norway 709 km,"1,328 m","1,250 km",True,Lutheran 66.6%,42.8 years,"10.37 deaths/1,000 population",22.20%,,"$48,800.00",12.20%,$116.905 billion,"['Germany 13%', 'Sweden 9%', 'United States 8%']",93%,.fi Â note - Aland Islands assigned .ax
France,119,FR,52.40%,"643,801","307,000",11.3,33.0,Paris,"303,276",110.05,1.10%,EUR,1.88,31.20%,$1.39 ,"$2,715,518,274,227 ",102.50%,65.60%,3.4,Paris,82.5,8.0,$11.16 ,French,6.80%,3.27,"67,059,887",55.10%,24.20%,60.70%,8.43%,"54,123,364",46.227638,2.213749,Andorra 55 km,"4,810 m","4,853 km",False,Roman Catholic 47%,41.7 years,"9.51 deaths/1,000 population",21.60%,,"$45,000.00",13.60%,$920.864 billion,"['Germany 14%', 'United States 8%', 'Italy 7%']",86%,metropolitan France - .fr; French Guiana - .gf; Guadeloupe - .gp; Martinique - .mq; Mayotte - .yt; Reunion - .re
Gabon,9,GA,20.00%,"267,667","7,000",31.61,241.0,Libreville,"5,321",122.19,2.10%,XAF,3.97,90.00%,$0.92 ,"$16,657,960,228 ",139.90%,8.30%,32.7,Libreville,66.2,252.0,$1.46 ,French,25.90%,0.68,"2,172,579",52.90%,10.20%,47.10%,20.00%,"1,949,694",-0.803689,11.609444,"Republic of the Congo 2,567 km","1,050 m",885 km,False,Roman Catholic 42.3%,21 years,"5.59 deaths/1,000 population",15%,85.50%,"$13,800.00",33.40%,$10.8 billion,"['China 63%', 'Singapore 5%']",72%,.ga
The Gambia,239,GM,59.80%,"11,300","1,000",38.54,220.0,Banjul,532,172.73,7.10%,GMD,5.22,48.40%,$1.18 ,"$1,763,819,048 ",98.00%,2.70%,39.0,Serekunda,61.7,597.0,$0.13 ,English,20.30%,0.1,"2,347,706",59.40%,9.40%,48.40%,9.06%,"1,453,958",13.443182,-15.310139,,,,,,,,,,,,,,,
Georgia,57,GE,34.50%,"69,700","26,000",13.47,995.0,Tbilisi,"10,128",133.61,4.90%,GEL,2.06,40.60%,$0.76 ,"$17,743,195,770 ",98.60%,63.90%,8.7,Tbilisi,73.6,25.0,$0.05 ,Georgian,57.30%,7.12,"3,720,382",68.30%,21.70%,9.90%,14.40%,"2,196,476",42.315407,43.356892,Armenia 219 km,"5,193 m",310 km,True,Eastern Orthodox Christian (official) 83.4%,38.6 years,"10.76 deaths/1,000 population",21.70%,99.60%,"$15,500.00",19.50%,$8.086 billion,"['Russia 12%', 'Azerbaijan 12%', 'Armenia 9%']",76%,.ge
Germany,240,DE,47.70%,"357,022","180,000",9.5,49.0,Berlin,"727,973",112.85,1.40%,EUR,1.56,32.70%,$1.39 ,"$3,845,630,030,824 ",104.00%,70.20%,3.1,Berlin,80.9,7.0,$9.99 ,German,12.50%,4.25,"83,132,799",60.80%,11.50%,48.80%,3.04%,"64,324,835",51.165691,10.451526,France 418 km,"2,963 m","2,389 km",False,Roman Catholic 26%,47.8 years,"11.97 deaths/1,000 population",22.30%,,"$53,200.00",14.80%,$2.004 trillion,"['United States 9%', 'China 8%', 'France 8%']",91%,.de
Ghana,137,GH,69.00%,"238,533","16,000",29.41,233.0,Accra,"16,670",268.36,7.20%,GHS,3.87,41.20%,$0.92 ,"$66,983,634,224 ",104.80%,15.70%,34.9,Accra,63.8,308.0,$0.27 ,English,36.10%,0.14,"30,792,608",67.80%,12.60%,55.40%,4.33%,"17,249,054",7.946527,-1.023194,Togo 1098 km,885 m,539 km,False,Christian 71.3% (Pentecostal/Charismatic 31.6%,21.4 years,"5.99 deaths/1,000 population",10.90%,79%,"$5,400.00",23.40%,$23.901 billion,"['Switzerland 23%', 'United Arab Emirates 12%', 'China 12%']",68%,.gh
Greece,81,GR,47.60%,"131,957","146,000",8.1,30.0,Athens,"62,434",101.87,0.20%,EUR,1.35,31.70%,$1.54 ,"$209,852,761,469 ",99.60%,136.60%,3.6,Macedonia,81.3,3.0,$4.46 ,Greek,35.50%,5.48,"10,716,322",51.80%,26.20%,51.90%,17.24%,"8,507,474",39.074208,21.824312,Albania 212 km,"2,917 m","13,676 km",False,Greek Orthodox 81-90%,45.3 years,"12.02 deaths/1,000 population",24.90%,97.90%,"$29,500.00",17.90%,$87.521 billion,"['Italy 10%', 'Germany 7%', 'Turkey 5%']",78%,.gr
Grenada,331,GD,23.50%,349,,16.47,1.0,"St. George's, Grenada",268,107.43,0.80%,XCD,2.06,50.00%,$1.12 ,"$1,228,170,370 ",106.90%,104.60%,13.7,"St. George's, Grenada",72.4,25.0,,English,57.00%,1.41,"112,003",,19.40%,47.80%,,"40,765",12.1165,-61.679,,840 m,121 km,False,Protestant 49.2% (includes Pentecostal 17.2%,33.3 years,"8.34 deaths/1,000 population",21.30%,98.60%,"$13,700.00",38%,$393.766 million,"['United States 30%', 'Saint Vincent and the Grenadines 12%', 'France 7%']",78%,.gd
Guatemala,167,GT,36.00%,"108,889","43,000",24.56,502.0,Guatemala City,"16,777",142.92,3.70%,GTQ,2.87,32.70%,$0.79 ,"$76,710,385,880 ",101.90%,21.80%,22.1,Guatemala City,74.1,95.0,$1.60 ,Spanish,55.80%,0.35,"16,604,026",62.30%,10.60%,35.20%,2.46%,"8,540,945",15.783471,-90.230759,Honduras 244 km,"4,220 m",400 km,True,Roman Catholic 41.7%,23.2 years,"4.89 deaths/1,000 population",21.20%,83.30%,"$8,900.00",59.30%,$15.318 billion,"['United States 32%', 'El Salvador 12%', 'Honduras 10%']",51%,.gt
Guinea,53,GN,59.00%,"245,857","13,000",36.36,224.0,Conakry,"2,996",262.95,9.50%,GNF,4.7,25.80%,$0.90 ,"$13,590,281,809 ",91.50%,11.60%,64.9,Kankan,61.2,576.0,,French,54.50%,0.08,"12,771,246",61.50%,10.80%,69.30%,4.30%,"4,661,505",9.945587,-9.696645,Mali 1062 km,"1,752 m",320 km,True,Muslim 89.1%,19.1 years,"7.97 deaths/1,000 population",7.70%,45.30%,"$2,600.00",43.70%,$10.266 billion,"['United Arab Emirates 39%', 'China 36%', 'India 6%']",35%,.gn
Guinea-Bissau,70,GW,58.00%,"36,125","4,000",35.13,245.0,Bissau,293,111.65,1.40%,XOF,4.48,69.80%,,"$1,340,389,411 ",118.70%,2.60%,54.0,Bissau,58.0,667.0,$0.16 ,Portuguese,37.20%,0.13,"1,920,922",72.00%,10.30%,45.50%,2.47%,"840,922",11.803749,-15.180413,Guinea 421 km,277 m,350 km,True,Muslim 46.1%,18 years,"7.32 deaths/1,000 population",9.50%,52.90%,"$1,800.00",67%,$232.536 million,"['India 50%', 'Belgium 28%', ""Cote d'Ivoire 8%""]",35%,.gw
Guyana,4,GY,8.60%,"214,969","3,000",19.97,592.0,"Georgetown, Guyana","2,384",116.19,2.10%,GYD,2.46,83.90%,$0.90 ,"$4,280,443,645 ",97.80%,11.60%,25.1,"Georgetown, Guyana",69.8,169.0,$0.98 ,English,40.50%,0.8,"782,766",56.20%,,30.60%,11.85%,"208,912",4.860416,-58.93018,"Brazil 1,308 km","2,775 m",459 km,False,Protestant 34.8% (Pentecostal 22.8%,27.5 years,"6.95 deaths/1,000 population",20.20%,88.80%,"$21,900.00",35%,$4.64 billion,"['United States 40%', 'Singapore 14%', 'United Arab Emirates 6%']",85%,.gy
Haiti,414,HT,66.80%,"27,750",0,24.35,509.0,Port-au-Prince,"2,978",179.29,12.50%,HTG,2.94,3.50%,$0.81 ,"$8,498,981,821 ",113.60%,1.10%,49.5,Port-au-Prince,63.7,480.0,$0.25 ,French,36.30%,0.23,"11,263,077",67.20%,,42.70%,13.78%,"6,328,948",18.971187,-72.285215,Dominican Republic 376 km,"2,674 m","1,771 km",False,Catholic 55%,24.1 years,"7.17 deaths/1,000 population",22.70%,61.70%,"$2,900.00",58.50%,$1.241 billion,"['United States 83%', 'Canada 4%', 'Mexico 3%']",39%,.ht
Honduras,89,HN,28.90%,"112,090","23,000",21.6,504.0,Tegucigalpa,"9,813",150.34,4.40%,HNL,2.46,40.00%,$0.98 ,"$25,095,395,475 ",91.50%,26.20%,15.1,Tegucigalpa,75.1,65.0,$1.01 ,Spanish,49.10%,0.31,"9,746,117",68.80%,17.30%,39.10%,5.39%,"5,626,433",15.199999,-86.241905,El Salvador 391 km,"2,870 m",823 km,False,Evangelical/Protestant 48%,24.4 years,"4.69 deaths/1,000 population",21.40%,88.50%,"$5,600.00",48.30%,$7.941 billion,"['United States 53%', 'El Salvador 8%', 'Guatemala 5%']",48%,.hn
Hungary,107,HU,58.40%,"93,028","40,000",9.6,36.0,Budapest,"45,537",121.64,3.30%,HUF,1.54,22.90%,$1.18 ,"$160,967,157,504 ",100.80%,48.50%,3.6,Budapest,75.8,12.0,$2.62 ,Hungarian,29.00%,3.41,"9,769,949",56.50%,23.00%,37.90%,3.40%,"6,999,582",47.162494,19.503304,Croatia 348 km,"1,014 m",0 km,True,Roman Catholic 37.2%,43.6 years,"12.89 deaths/1,000 population",26.40%,99.10%,"$33,600.00",12.30%,$148.229 billion,"['Germany 27%', 'Romania 5%', 'Italy 5%']",89%,.hu
Iceland,3,IS,18.70%,"103,000",0,12.0,354.0,Reykjav��,"2,065",129,3.00%,ISK,1.71,0.50%,$1.69 ,"$24,188,035,739 ",100.40%,71.80%,1.5,Reykjav��,82.7,4.0,,Icelandic,17.00%,4.08,"361,313",75.00%,23.30%,31.90%,2.84%,"339,110",64.963051,-19.020835,,"2,110 m","4,970 km",True,Evangelical Lutheran Church of Iceland (official) 62.3%,37.1 years,"6.57 deaths/1,000 population",21.90%,,"$53,600.00",8.80%,$9.775 billion,"['Netherlands 24%', 'Spain 10%', 'Germany 10%']",100%,.is
India,464,IN,60.40%,"3,287,263","3,031,000",17.86,91.0,New Delhi,"2,407,672",180.44,7.70%,INR,2.22,23.80%,$0.97 ,"$2,611,000,000,000 ",113.00%,28.10%,29.9,Kurebhar,69.4,145.0,$0.30 ,Hindi,65.10%,0.86,"1,366,417,754",49.30%,11.20%,49.70%,5.36%,"471,031,528",20.593684,78.96288,"Pakistan 3,190 km","8,586 m","7,000 km",True,Hindu 79.8%,28.7 years,"9.65 deaths/1,000 population",3.90%,74.40%,"$6,600.00",21.90%,$643.08 billion,"['US 18%', 'UAE 6%', 'China 6%']",46%,.in
Indonesia,151,ID,31.50%,"1,904,569","676,000",18.07,62.0,Jakarta,"563,325",151.18,3.00%,IDR,2.31,49.90%,$0.63 ,"$1,119,190,780,753 ",106.40%,36.30%,21.1,Kalimantan,71.5,177.0,$0.48 ,Indonesian,48.30%,0.43,"270,203,917",67.50%,10.20%,30.10%,4.69%,"151,509,724",-0.789275,113.921327,Papua New Guinea 824 km,"4,884 m","54,716 km",False,Muslim 87.2%,31.1 years,"6.77 deaths/1,000 population",6.90%,96%,"$11,900.00",9.40%,$246.87 billion,"['China 15%', 'United States 10%', 'Japan 9%']",62%,.id
Iran,52,IR,28.20%,"1,648,195","563,000",18.78,98.0,Tehran,"661,710",550.93,39.90%,IRR,2.14,6.60%,$0.40 ,"$445,345,282,123 ",110.70%,68.10%,12.4,Tehran,76.5,16.0,$1.58 ,Persian,39.70%,1.58,"82,913,906",44.70%,7.40%,44.70%,11.38%,"62,509,623",32.427908,53.688046,Azerbaijan 689 km,"5,625 m","2,440 km -",True,Muslim (official) 99.6% (Shia 90-95%,31.7 years,"5.2 deaths/1,000 population",25.80%,88.70%,"$15,000.00",18.70%,$101.4 billion,"['China 48%', 'India 12%', 'South Korea 8%']",79%,.ir
Iraq,93,IQ,21.40%,"438,317","209,000",29.08,964.0,Baghdad,"190,061",119.86,0.40%,IQD,3.67,1.90%,$0.61 ,"$234,094,042,939 ",108.70%,16.20%,22.5,Baghdad,70.5,79.0,$1.24 ,Arabic,76.50%,0.71,"39,309,783",43.00%,2.00%,30.80%,12.82%,"27,783,368",33.223191,43.679291,Turkey 367 km,"3,611 m",58 km,False,Muslim (official) 95-98% (Shia 61-64%,21.2 years,"3.88 deaths/1,000 population",30.40%,85.60%,"$9,000.00",23%,$78.261 billion,"['China 26%', 'India 24%', 'South Korea 9%']",49%,.iq
Republic of Ireland,72,,64.50%,"70,273","9,000",12.5,353.0,Dublin,"37,711",106.58,0.90%,EUR,1.75,11.00%,$1.37 ,"$388,698,711,348 ",100.90%,77.80%,3.1,Connacht,82.3,5.0,$10.79 ,Irish,15.20%,3.31,"5,007,069",62.10%,18.30%,26.10%,4.93%,"3,133,123",53.41291,-8.24389,,,,,,,,,,,,,,,
Israel,400,IL,24.60%,"20,770","178,000",20.8,972.0,Jerusalem,"65,166",108.15,0.80%,ILS,3.09,7.70%,$1.57 ,"$395,098,666,122 ",104.90%,63.40%,3.0,Jerusalem,82.8,3.0,$7.58 ,Hebrew,24.40%,4.62,"9,053,300",64.00%,23.10%,25.30%,3.86%,"8,374,393",31.046051,34.851612,Lebanon 81 km,range m,273 km,False,Jewish 74%,30.4 years,"5.05 deaths/1,000 population",26.10%,97.80%,"$42,100.00",22%,$143.884 billion,"['United States 27%', 'China 8%', 'India 4%']",90%,.il
Italy,206,IT,43.20%,"301,340","347,000",7.3,39.0,Rome,"320,411",110.62,0.60%,EUR,1.29,31.80%,$1.61 ,"$2,001,244,392,042 ",101.90%,61.90%,2.6,Rome,82.9,2.0,,Italian,22.80%,3.98,"60,297,396",49.60%,24.30%,59.10%,9.89%,"42,651,966",41.87194,12.56738,Slovenia 218 km,"4,748 m","7,600 km",True,Christian 80.8% (overwhelmingly Roman Catholic with very small groups of Jehovah's Witnesses and Protestants),46.5 years,"11.27 deaths/1,000 population",19.90%,99.20%,"$41,900.00",20.10%,$687.948 billion,"['Germany 12%', 'France 11%', 'United States 10%']",75%,.it
Jamaica,273,JM,41.00%,"10,991","4,000",16.1,1876.0,"Kingston, Jamaica","8,225",162.47,3.90%,JMD,1.98,30.90%,$1.11 ,"$16,458,071,068 ",91.00%,27.10%,12.4,"Kingston, Jamaica",74.4,80.0,$1.33 ,Jamaican English,23.70%,1.31,"2,948,279",66.00%,26.80%,35.10%,8.00%,"1,650,594",18.109581,-77.297508,,"2,256 m","1,022 km",False,Protestant 64.8% (includes Seventh Day Adventist 12.0%,29.4 years,"7.44 deaths/1,000 population",24.70%,88.70%,"$9,600.00",17.10%,$4.385 billion,"['United States 46%', 'Netherlands 9%', 'Canada 6%']",82%,.jm
Japan,347,JP,12.30%,"377,944","261,000",7.4,81.0,Tokyo,"1,135,886",105.48,0.50%,,1.42,68.50%,$1.06 ,"$5,081,769,542,380 ",98.80%,63.20%,1.8,Tokyo,84.2,5.0,$6.77 ,,13.10%,2.41,"126,226,568",61.70%,11.90%,46.70%,2.29%,"115,782,416",36.204824,138.252924,,"3,776 m","29,751 km",False,Shintoism 70.5%,48.6 years,"11.74 deaths/1,000 population",4.30%,,"$40,800.00",16.10%,$919.158 billion,"['China 21%', 'US 18%', 'South Korea 7%']",83%,.jp
Jordan,115,JO,12.00%,"89,342","116,000",21.98,962.0,Amman,"25,108",125.6,0.80%,JOD,2.76,1.10%,$1.10 ,"$43,743,661,972 ",81.50%,34.40%,13.9,Amman,74.4,46.0,$1.49 ,Arabic,25.10%,2.32,"10,101,694",39.30%,15.10%,28.60%,14.72%,"9,213,048",30.585164,36.238414,West Bank 148 km,"1,854 m",26 km,False,Muslim 97.1% (official; predominantly Sunni),23.5 years,"3.47 deaths/1,000 population",35.50%,98.40%,"$9,200.00",15.70%,$13.864 billion,"['United States 26%', 'India 13%', 'Saudi Arabia 11%']",83%,.jo
Kazakhstan,7,KZ,80.40%,"2,724,900","71,000",21.77,7.0,Astana,"247,207",182.75,5.20%,KZT,2.84,1.20%,$0.42 ,"$180,161,741,180 ",104.40%,61.70%,8.8,Almaty,73.2,10.0,$0.41 ,Russian,38.80%,3.25,"18,513,930",68.80%,11.70%,28.40%,4.59%,"10,652,915",48.019573,66.923684,"Uzbekistan 2,330 km",the m,0 km,True,Muslim 70.2%,31.6 years,"8.05 deaths/1,000 population",21%,99.80%,"$26,100.00",4.30%,$66.132 billion,"['China 13%', 'Italy 12%', 'Russia 10%']",91%,.kz
Kenya,94,KE,48.50%,"580,367","29,000",28.75,254.0,Nairobi,"17,910",180.51,4.70%,KES,3.49,7.80%,$0.95 ,"$95,503,088,538 ",103.20%,11.50%,30.6,Nairobi,66.3,342.0,$0.25 ,Swahili,33.40%,0.16,"52,573,973",74.70%,15.10%,37.20%,2.64%,"14,461,523",-0.023559,37.906193,Uganda 814 km,"5,199 m",536 km,False,Christian 85.5% (Protestant 33.4%,20 years,"4.95 deaths/1,000 population",7.10%,82.60%,"$4,700.00",36.10%,$11.825 billion,"['Uganda 14%', 'Pakistan 8%', 'Netherlands 8%']",29%,.ke
Kiribati,147,KI,42.00%,811,,27.89,686.0,South Tarawa,66,99.55,0.60%,AUD,3.57,15.00%,,"$194,647,202 ",101.30%,,41.2,South Tarawa,68.1,92.0,,English,0.20%,0.2,"117,606",,22.00%,32.70%,,"64,489",1.8368976,-157.3768317,,81 m,"1,143 km",False,Roman Catholic 58.9%,25.7 years,"6.91 deaths/1,000 population",46%,,"$1,900.00",,$10.754 million,"['Thailand 53%', 'Philippines 17%', 'South Korea 10%']",54%,.ki
Kuwait,240,KW,8.40%,"17,818","25,000",13.94,965.0,Kuwait City,"98,734",126.6,1.10%,KWD,2.08,0.40%,$0.35 ,"$134,761,198,946 ",92.40%,54.40%,6.7,Kuwait City,75.4,12.0,$0.95 ,Modern Standard Arabic,14.40%,2.58,"4,207,083",73.50%,1.40%,13.00%,2.18%,"4,207,083",29.31166,47.481766,Saudi Arabia 221 km,300 m,499 km,False,Muslim (official) 74.6%,29.7 years,"2.27 deaths/1,000 population",37.90%,96.50%,"$43,900.00",,$77.121 billion,"['China 20%', 'South Korea 16%', 'India 15%']",100%,.kw
Kyrgyzstan,34,KG,55.00%,"199,951","21,000",27.1,996.0,Bishkek,"9,787",155.68,1.10%,KGS,3.3,3.30%,$0.56 ,"$8,454,619,608 ",107.60%,41.30%,16.9,Bishkek,71.4,60.0,$0.09 ,Russian,48.20%,1.88,"6,456,900",59.80%,18.00%,29.00%,6.33%,"2,362,644",41.20438,74.766098,Tajikistan 984 km,"7,439 m",0 km,True,Muslim 90% (majority Sunni),27.3 years,"6.07 deaths/1,000 population",16.60%,99.60%,"$4,800.00",20.10%,$3.35 billion,"['United Kingdom 56%', 'Kazakhstan 13%', 'Russia 13%']",78%,.kg
Laos,32,LA,10.30%,"236,800","129,000",23.55,856.0,Vientiane,"17,763",135.87,3.30%,LAK,2.67,82.10%,$0.93 ,"$18,173,839,128 ",102.40%,15.00%,37.6,Vientiane,67.6,185.0,$0.83 ,Lao,45.40%,0.37,"7,169,455",78.50%,12.90%,24.10%,0.63%,"2,555,552",19.85627,102.495496,Cambodia 555 km,"2,817 m",0 km,True,Buddhist 64.7%,24 years,"6.26 deaths/1,000 population",5.30%,87.10%,"$7,800.00",18.30%,$7.82 billion,"['Thailand 36%', 'China 28%', 'Vietnam 16%']",62%,.la
Latvia,30,LV,31.10%,"64,589","6,000",10.0,371.0,Riga,"7,004",116.86,2.80%,EUR,1.6,54.00%,$1.16 ,"$34,117,202,555 ",99.40%,88.10%,3.3,Riga,74.7,19.0,$2.80 ,Latvian,41.60%,3.19,"1,912,789",61.40%,22.90%,38.10%,6.52%,"1,304,943",56.879635,24.603189,Belarus 161 km,312 m,498 km,False,Lutheran 36.2%,44.4 years,"14.69 deaths/1,000 population",23.60%,99.90%,"$32,100.00",22.90%,$25.248 billion,"['Lithuania 17%', 'Estonia 9%', 'United Kingdom 8%']",91%,.lv
Lebanon,667,LB,64.30%,"10,400","80,000",17.55,961.0,Beirut,"24,796",130.02,3.00%,LBP,2.09,13.40%,$0.74 ,"$53,367,042,272 ",95.10%,26.30%,6.4,"Tripoli, Lebanon",78.9,29.0,$2.15 ,Arabic,32.10%,2.1,"6,855,713",47.00%,15.30%,32.20%,6.23%,"6,084,994",33.854721,35.862285,Syria 403 km,"3,088 m",225 km,False,Muslim 67.8% (31.9% Sunni,33.7 years,"5.57 deaths/1,000 population",32%,95.10%,"$13,000.00",27.40%,$10.147 billion,"['Switzerland 27%', 'United Arab Emirates 15%', 'South Korea 11%']",87%,.lb
Lesotho,71,LS,77.60%,"30,355","2,000",26.81,266.0,Maseru,"2,512",155.86,5.20%,,3.14,1.60%,$0.70 ,"$2,460,072,444 ",120.90%,10.20%,65.7,Maseru,53.7,544.0,$0.41 ,English,16.90%,0.07,"2,125,268",67.90%,31.60%,13.60%,23.41%,"607,508",-29.609988,28.233608,"South Africa 1,106 km","3,482 m",0 km,True,Protestant 47.8% (Pentecostal 23.1%,24.7 years,"10.9 deaths/1,000 population",16.60%,81%,"$2,300.00",49.70%,$1.08 billion,"['United States 29%', 'Belgium 26%', 'South Africa 25%']",48%,.ls
Liberia,53,LR,28.00%,"111,369","2,000",33.04,231.0,Monrovia,"1,386",223.13,23.60%,,4.32,43.10%,$0.80 ,"$3,070,518,100 ",85.10%,11.90%,53.5,Monrovia,63.7,661.0,$0.17 ,English,19.60%,0.04,"4,937,374",76.30%,12.90%,46.20%,2.81%,"2,548,426",6.428055,-9.429499,Sierra Leone 299 km,"1,447 m",579 km,False,Christian 85.6%,18 years,"6.46 deaths/1,000 population",9.90%,48.30%,"$1,400.00",50.90%,$554.013 million,"['Guyana 32%', 'Poland 10%', 'Switzerland 8%']",34%,.lr
Libya,4,LY,8.70%,"1,759,540",0,18.83,218.0,,"50,564",125.71,2.60%,LYD,2.24,0.10%,$0.11 ,"$52,076,250,948 ",109.00%,60.50%,10.2,,72.7,72.0,$1.88 ,Arabic,36.70%,2.09,"6,777,452",49.70%,,32.60%,18.56%,"5,448,597",26.3351,17.228331,"Chad 1,050 km","2,267 m","1,770 km",True,Muslim (official; virtually all Sunni) 96.6%,25.8 years,"3.45 deaths/1,000 population",32.50%,91%,"$22,000.00",note: about one-third of Libyans live at or below the national poverty line,$9.537 billion,"['Italy 18%', 'China 16%', 'Germany 15%']",46.20%,.ly
Liechtenstein,238,LI,32.20%,160,,9.9,423.0,Vaduz,51,,,CHF,1.44,43.10%,$1.74 ,"$6,552,858,739 ",104.70%,35.60%,,Schaan,83.0,,,German,,,"38,019",,,21.60%,,"5,464",47.1410392,9.520935,Austria 34 km,"2,599 m",0 km (doubly landlocked),True,Roman Catholic (official) 73.4%,43.7 years,"8.05 deaths/1,000 population",,,"$139,100.00",,$3.217 billion,,96%,.li
Lithuania,43,LT,47.20%,"65,300","34,000",10.0,370.0,Vilnius,"12,963",118.38,2.30%,EUR,1.63,34.80%,$1.16 ,"$54,219,315,600 ",103.90%,72.40%,3.3,Vilnius,75.7,8.0,$2.41 ,Lithuanian,32.10%,6.35,"2,786,844",61.60%,16.90%,42.60%,6.35%,"1,891,013",55.169438,23.881275,Latvia 544 km,294 m,90 km,True,Roman Catholic 74.2%,44.5 years,"15.17 deaths/1,000 population",26.30%,99.80%,"$39,300.00",20.60%,$53.397 billion,"['Russia 10%', 'Latvia 9%', 'Germany 8%']",87%,.lt
Luxembourg,242,LU,53.70%,"2,586","2,000",10.3,352.0,Luxembourg City,"8,988",115.09,1.70%,EUR,1.37,35.70%,$1.19 ,"$71,104,919,108 ",102.30%,19.20%,1.9,Luxembourg City,82.1,5.0,$13.05 ,Luxembourgish,10.60%,3.01,"645,397",59.30%,26.50%,20.40%,5.36%,"565,488",49.815273,6.129583,France 69 km,559 m,0 km,True,Christian (predominantly Roman Catholic) 70.6%,39.5 years,"7.17 deaths/1,000 population",22.60%,,"$115,700.00",17.50%,$177.831 billion,"['Germany 23%', 'France 13%', 'Belgium 12%']",99%,.lu
Madagascar,48,MG,71.20%,"587,041","22,000",32.66,261.0,Antananarivo,"3,905",184.33,5.60%,MGA,4.08,21.40%,$1.11 ,"$14,083,906,357 ",142.50%,5.40%,38.2,Antananarivo,66.7,335.0,$0.21 ,French,21.70%,0.18,"26,969,307",86.10%,10.20%,38.30%,1.76%,"10,210,849",-18.766947,46.869107,,"2,876 m","4,828 km",False,Church of Jesus Christ in Madagascar/Malagasy Lutheran Church/Anglican Church 34%,20.3 years,"5.92 deaths/1,000 population",5.30%,77.30%,"$1,500.00",70.70%,$3.341 billion,"['United States 19%', 'France 18%', 'United Arab Emirates 7%']",20%,.mg
Malawi,203,MW,61.40%,"118,484","15,000",34.12,265.0,Lilongwe,"1,298",418.34,9.40%,MWK,4.21,33.20%,$1.15 ,"$7,666,704,427 ",142.50%,0.80%,35.3,Lilongwe,63.8,349.0,$0.12 ,English,11.00%,0.04,"18,628,747",76.70%,17.30%,34.50%,5.65%,"3,199,301",-13.254308,34.301525,Zambia 847 km,"3,002 m",0 km,True,Protestant 33.5% (includes Church of Central Africa Presbyterian 14.2%,16.8 years,"4.51 deaths/1,000 population",5.80%,67.30%,"$1,500.00",51.50%,$1.538 billion,"['Belgium 16%', 'United States 8%', 'Egypt 7%']",24%,.mw
Malaysia,99,MY,26.30%,"329,847","136,000",16.75,60.0,Kuala Lumpur,"248,289",121.46,0.70%,MYR,2.0,67.60%,$0.45 ,"$364,701,517,788 ",105.30%,45.10%,6.7,Johor Bahru,76.0,29.0,$0.93 ,Malaysian language,36.70%,1.51,"32,447,385",64.30%,12.00%,38.70%,3.32%,"24,475,766",4.210484,101.975766,Thailand 595 km,"4,095 m","4,675 km",False,Muslim (official) 61.3%,29.2 years,"5.72 deaths/1,000 population",15.60%,95%,"$26,300.00",5.60%,$256.659 billion,"['Singapore 15%', 'China 14%', 'US 13%']",97%,.my
Maldives,"1,802",MV,26.30%,298,"5,000",14.2,960.0,Mal�,"1,445",99.7,0.20%,,1.87,3.30%,$1.63 ,"$5,729,248,472 ",97.10%,31.20%,7.4,Mal�,78.6,53.0,,Divehi,16.40%,4.56,"530,953",69.80%,19.50%,30.20%,6.14%,"213,645",3.202778,73.22068,,5 m,644 km,False,Sunni Muslim (official),29.5 years,"4.2 deaths/1,000 population",8.60%,97.90%,"$18,800.00",8.20%,$3.95 billion,"['Thailand 24%', 'United States 13%', 'China 12%']",86%,.mv
Mali,17,ML,33.80%,"1,240,192","18,000",41.54,223.0,Bamako,"3,179",108.73,-1.70%,XOF,5.88,3.80%,$1.12 ,"$17,510,141,171 ",75.60%,4.50%,62.0,Bamako,58.9,562.0,$0.23 ,French,46.30%,0.13,"19,658,031",70.80%,11.60%,54.50%,7.22%,"8,479,688",17.570692,-3.996166,"Mauritania 2,236 km","1,155 m",0 km,True,Muslim 93.9%,16 years,"8.3 deaths/1,000 population",8.60%,35.50%,"$2,100.00",42.10%,$5.196 billion,"['United Arab Emirates 66%', 'Switzerland 26%']",34%,.ml
Malta,"1,380",MT,32.40%,316,"2,000",9.2,356.0,Valletta,"1,342",113.45,1.60%,EUR,1.23,1.10%,$1.36 ,"$14,786,156,563 ",105.00%,54.30%,6.1,Birkirkara,82.3,6.0,$5.07 ,Maltese,37.10%,2.86,"502,653",56.50%,26.20%,44.00%,3.47%,"475,902",35.937496,14.375416,,253 m,196.8 km,False,Roman Catholic (official) more than 90% (2006 est.),42.3 years,"8.61 deaths/1,000 population",28.90%,94.90%,"$44,700.00",17.10%,$22.11 billion,"['Germany 12%', 'France 9%', 'Italy 9%']",87%,.mt
Marshall Islands,329,MH,63.90%,181,,29.03,692.0,Majuro,143,,,USD,4.05,70.20%,$1.44 ,"$221,278,000 ",84.70%,23.70%,27.4,Majuro,65.2,,$2.00 ,Marshallese,10.00%,0.42,"58,791",,17.80%,65.90%,,"45,514",7.131474,171.184478,,14 m,370.4 km,False,Protestant 80.5% (United Church of Christ 47%,23.8 years,"4.3 deaths/1,000 population",52.90%,98.30%,"$6,000.00",,$76.734 million,"['Poland 28%', 'Denmark 19%', 'South Korea 13%']",38.70%,.mh
Mauritania,5,MR,38.50%,"1,030,700","21,000",33.69,222.0,Nouakchott,"2,739",135.02,2.30%,MRU,4.56,0.20%,$1.13 ,"$7,593,752,450 ",99.90%,5.00%,51.5,Nouakchott,64.7,766.0,$0.53 ,Arabic,48.20%,0.19,"4,525,696",45.90%,,67.00%,9.55%,"2,466,821",21.00789,-10.940835,"Mali 2,236 km",915 m,754 km,False,Muslim (official) 100%,21 years,"7.33 deaths/1,000 population",12.70%,67%,"$5,300.00",31%,$3.18 billion,"['China 32%', 'Switzerland 13%', 'Spain 9%']",59%,.mr
Mauritius,626,MU,42.40%,"2,040","3,000",10.2,230.0,Port Louis,"4,349",129.91,0.40%,MUR,1.41,19.00%,$1.12 ,"$14,180,444,557 ",101.10%,40.60%,13.6,Port Louis,74.4,61.0,$0.38 ,French,50.70%,2.53,"1,265,711",58.30%,19.10%,22.20%,6.67%,"515,980",-20.348404,57.552152,,828 m,177 km,False,Hindu 48.5%,36.3 years,"8.95 deaths/1,000 population",10.80%,92.20%,"$21,000.00",10.30%,$3.198 billion,"['France 10%', 'South Africa 10%', 'United States 10%']",68%,.mu
Mexico,66,MX,54.60%,"1,964,375","336,000",17.6,52.0,Mexico City,"486,406",141.54,3.60%,MXN,2.13,33.90%,$0.73 ,"$1,258,286,717,125 ",105.80%,40.20%,11.0,Mexico City,75.0,33.0,$0.49 ,,41.40%,2.38,"126,014,024",60.70%,13.10%,55.10%,3.42%,"102,626,859",23.634501,-102.552784,Belize 276 km,"5,636 m","9,330 km",True,Roman Catholic 78%,29.3 years,"7.07 deaths/1,000 population",28.90%,95.20%,"$19,100.00",41.90%,$522.235 billion,['United States 75%'],76%,.mx
Federated States of Micronesia,784,FM,31.40%,702,,22.82,691.0,Palikir,143,112.1,0.50%,USD,3.05,91.90%,,"$401,932,279 ",97.20%,14.10%,25.6,Palikir,67.8,88.0,,English,2.50%,0.18,"113,815",,25.20%,60.50%,,"25,963",7.425554,150.550812,,,,,,,,,,,,,,,
Moldova,123,MD,74.20%,"33,851","7,000",10.1,373.0,Chi����,"5,115",166.2,4.80%,MDL,1.26,12.60%,$0.80 ,"$11,955,435,457 ",90.60%,39.80%,13.6,Chi����,71.8,19.0,$0.31 ,Romanian,46.20%,3.21,"2,657,637",43.10%,17.70%,38.70%,5.47%,"1,135,502",47.411631,28.369885,Ukraine 1202 km,430 m,0 km,True,Orthodox 90.1%,37.7 years,"12.51 deaths/1,000 population",18.90%,99.60%,"$14,000.00",7.30%,$4.197 billion,"['Romania 27%', 'Russia 9%', 'Italy 9%']",61%,.md
Monaco,"26,337",MC,,2,,5.9,377.0,Monaco City,,,,EUR,,,$2.00 ,"$7,184,844,193 ",,,2.6,Monaco City,,,$11.72 ,French,6.10%,6.56,"38,964",,,,,"38,964",43.7384176,7.4246158,France 6 km,162 m,4.1 km,False,Roman Catholic 90% (official),55.4 years,"10.92 deaths/1,000 population",,,"$115,700.00",,$964.6 million,"['Italy', 'Switzerland', 'Germany']",86%,.mc
Mongolia,2,MN,71.50%,"1,564,116","18,000",24.13,976.0,Ulaanbaatar,"25,368",195.76,7.30%,MNT,2.9,8.00%,$0.72 ,"$13,852,850,259 ",104.00%,65.60%,14.0,Ulaanbaatar,69.7,45.0,$0.65 ,Mongolian,39.30%,2.86,"3,225,167",59.70%,16.80%,25.70%,6.01%,"2,210,626",46.862496,103.846656,"China 4,630 km","4,374 m",0 km,True,Buddhist 51.7%,29.8 years,"6.33 deaths/1,000 population",20.60%,99.20%,"$11,700.00",28.40%,$8.95 billion,"['China 81%', 'Switzerland 9%']",84%,.mn
Montenegro,47,ME,19.00%,"13,812","12,000",11.73,382.0,Podgorica,"2,017",116.32,2.60%,EUR,1.75,61.50%,$1.16 ,"$5,494,736,901 ",100.00%,56.10%,2.3,Podgorica,76.8,6.0,$1.23 ,Montenegrin language,31.80%,2.76,"622,137",54.40%,,22.20%,14.88%,"417,765",42.708678,19.37439,Albania 186 km,"2,534 m",293.5 km,False,Orthodox 72.1%,39.6 years,"10.3 deaths/1,000 population",23.30%,99%,"$20,600.00",24.50%,$2.502 billion,"['Serbia 17%', 'Hungary 15%', 'China 11%']",82%,.me
Morocco,83,MA,68.50%,"446,550","246,000",18.94,212.0,Rabat,"61,276",111.07,0.20%,MAD,2.42,12.60%,$0.99 ,"$118,725,279,596 ",113.90%,35.90%,19.2,Casablanca,76.5,70.0,$1.60 ,Arabic,53.10%,0.73,"36,910,560",45.30%,21.90%,45.80%,9.02%,"22,975,026",31.791702,-7.09262,Spain (Ceuta) 8 km and Spain (Melilla) 10.5 km,"4,165 m","2,945 km",False,Muslim 99% (official; virtually all Sunni,29.1 years,"6.61 deaths/1,000 population",26.10%,75.90%,"$8,100.00",4.80%,$47.078 billion,"['Spain 20%', 'France 19%', 'India 5%']",88%,.ma
Mozambique,40,MZ,63.50%,"799,380","11,000",37.52,258.0,Maputo,"7,943",182.31,2.80%,MZN,4.85,48.00%,$0.65 ,"$14,934,159,926 ",112.60%,7.30%,54.0,Maputo,60.2,289.0,$0.27 ,Portuguese,6.80%,0.08,"30,366,036",78.10%,0.00%,36.10%,3.24%,"11,092,106",-18.665695,35.529562,Zambia 439 km,"2,436 m","2,470 km",True,Roman Catholic 27.2%,17 years,"9.93 deaths/1,000 population",7.20%,63.40%,"$1,200.00",46.10%,$6.404 billion,"['South Africa 16%', 'India 13%', 'China 12%']",17%,.mz
Myanmar,83,MM,19.50%,"676,578","513,000",17.55,95.0,Naypyidaw,"25,280",168.18,8.80%,MMK,2.15,43.60%,$0.54 ,"$76,085,852,617 ",112.30%,18.80%,36.8,Yangon,66.9,250.0,$0.39 ,Burmese,73.90%,0.68,"54,045,420",61.70%,5.40%,31.20%,1.58%,"16,674,093",21.916221,95.955974,,,,,,,,,,,,,,,
Namibia,3,,47.10%,"824,292","16,000",28.64,264.0,Windhoek,"4,228",157.97,3.70%,,3.4,8.30%,$0.76 ,"$12,366,527,719 ",124.20%,22.90%,29.0,Windhoek,63.4,195.0,,English,8.30%,0.42,"2,494,530",59.50%,27.10%,20.70%,20.27%,"1,273,258",-22.95764,18.49041,"South Africa 1,005 km","2,573 m","1,572 km",False,Christian 97.5%,21.8 years,"6.64 deaths/1,000 population",17.20%,92.30%,"$9,100.00",17.40%,$3.955 billion,"['China 29%', 'South Africa 20%', 'Botswana 8%']",53%,.na
Nauru,541,NR,,21,,,674.0,Yaren District,,,,AUD,,,,"$133,000,000 ",,,,,,,,English,,,"10,084",,,,,,-0.522778,166.931503,,70 m,30 km,True,Protestant 60.4% (includes Nauru Congregational 35.7%,27 years,"6.39 deaths/1,000 population",61%,,"$11,900.00",,$31.101 million,"['Thailand 34%', 'Australia 16%', 'United States 13%']",84%,.nr
Nepal,203,NP,28.70%,"147,181","112,000",19.89,977.0,Kathmandu,"9,105",188.73,5.60%,NPR,1.92,25.40%,$0.91 ,"$30,641,380,604 ",142.10%,12.40%,26.7,Kathmandu,70.5,186.0,$0.36 ,Nepali,60.40%,0.75,"28,608,710",83.80%,20.70%,41.80%,1.41%,"5,765,513",28.394857,84.124008,"India 1,770 km","8,849 m",0 km,True,Hindu 81.2%,25.3 years,"5.59 deaths/1,000 population",4.10%,71.20%,"$3,800.00",25.20%,$2.52 billion,"['India 68%', 'United States 10%']",52%,.np
Netherlands,508,NL,53.30%,"41,543","41,000",9.7,31.0,Amsterdam,"170,780",115.91,2.60%,,1.59,11.20%,$1.68 ,"$909,070,395,161 ",104.20%,85.00%,3.3,Amsterdam,81.8,5.0,$10.29 ,Dutch,12.30%,3.61,"17,332,850",63.60%,23.00%,41.20%,3.20%,"15,924,729",52.132633,5.291266,Belgium 478 km,862 m,451 km,False,Roman Catholic 20.1%,42.8 years,"9.27 deaths/1,000 population",20.40%,,"$56,600.00",13.60%,$839.6 billion,"['Germany 20%', 'Belgium 12%', 'United Kingdom 9%']",92%,.nl
New Zealand,18,NZ,40.50%,"268,838","9,000",11.98,64.0,Wellington,"34,382",114.24,1.60%,NZD,1.71,38.60%,$1.40 ,"$206,928,765,544 ",100.00%,82.00%,4.7,Auckland,81.9,9.0,$11.49 ,English,12.60%,3.59,"4,841,000",69.90%,29.00%,34.60%,4.07%,"4,258,860",-40.900557,174.885971,,30 m,"15,134 km",False,Christian 37.3% (Catholic 10.1%,37.2 years,"6.89 deaths/1,000 population",30.80%,,"$42,900.00",,$54.777 billion,"['China 28%', 'Australia 14%', 'US 9%']",96%,.nz
Nicaragua,55,NI,42.10%,"130,370","12,000",20.64,505.0,Managua,"5,592",162.74,5.40%,NIO,2.4,25.90%,$0.91 ,"$12,520,915,291 ",120.60%,17.40%,15.7,Managua,74.3,98.0,$0.54 ,Spanish,36.00%,0.98,"6,545,502",66.40%,15.60%,60.60%,6.84%,"3,846,137",12.865416,-85.207229,Honduras 940 km,"2,085 m",910 km,True,Roman Catholic 50%,27.3 years,"5.19 deaths/1,000 population",23.70%,82.60%,"$5,600.00",24.90%,$6.617 billion,"['United States 60%', 'El Salvador 5%', 'Mexico 5%']",57%,.ni
Niger,19,NE,36.10%,"1,267,000","10,000",46.08,227.0,Niamey,"2,017",109.32,-2.50%,XOF,6.91,0.90%,$0.88 ,"$12,928,145,120 ",74.70%,4.40%,48.0,Niamey,62.0,509.0,$0.29 ,French,52.30%,0.04,"23,310,715",72.00%,11.80%,47.20%,0.47%,"3,850,231",17.607789,8.081666,Algeria 951 km,"2,022 m",0 km,True,Muslim 99.3%,14.8 years,"9.66 deaths/1,000 population",5.50%,37.30%,"$1,200.00",40.80%,$1.338 billion,"['United Arab Emirates 54%', 'China 25%', 'France 7%']",22%,.ne
Nigeria,226,NG,77.70%,"923,768","215,000",37.91,234.0,Abuja,"120,369",267.51,11.40%,NGN,5.39,7.20%,$0.46 ,"$448,120,428,859 ",84.70%,10.20%,75.7,Lagos,54.3,917.0,$0.54 ,English,72.20%,0.38,"200,963,599",52.90%,1.50%,34.80%,8.10%,"102,806,948",9.081999,8.675277,"Niger 1,608 km","2,419 m",853 km,False,Muslim 53.5%,18.6 years,"8.52 deaths/1,000 population",8.90%,62%,"$4,900.00",40.10%,$50.856 billion,"['India 16%', 'Spain 12%', 'United States 6%']",55%,.ng
North Korea,214,KP,21.80%,"120,538","1,469,000",13.89,850.0,Pyongyang,"28,284",,,KPW,1.9,40.70%,$0.58 ,"$32,100,000,000 ",112.80%,27.00%,13.7,Pyongyang,72.1,89.0,,Korean,,3.67,"25,666,161",80.40%,,,2.74%,"15,947,412",40.339852,127.510093,,,,,,,,,,,,,,,
North Macedonia,83,,,"25,713",,,389.0,Skopje,,,,MKD,,,,"$10,220,781,069 ",,,,Skopje,,,,Macedonian,35.60%,,"1,836,713",,,,,,41.608635,21.745275,Greece 234 km,"2,764 m",0 km,True,Macedonian Orthodox 46.1%,39 years,"9.61 deaths/1,000 population",22.40%,98.40%,"$16,500.00",21.60%,$9.157 billion,"['Germany 45%', 'Serbia 8%', 'Bulgaria 5%']",83%,.mk
Norway,15,NO,2.70%,"323,802","23,000",10.4,47.0,Oslo,"41,023",120.27,2.20%,NOK,1.56,33.20%,$1.78 ,"$403,336,363,636 ",100.30%,82.00%,2.1,Oslo,82.8,2.0,,Norwegian,14.30%,2.92,"5,347,896",63.80%,23.90%,36.20%,3.35%,"4,418,218",60.472024,8.468946,"Sweden 1,666 km","2,469 m","25,148 km",False,Church of Norway (Evangelical Lutheran - official) 67.5%,39.5 years,"7.93 deaths/1,000 population",23.10%,,"$65,700.00",12.70%,$199.074 billion,"['United Kingdom 21%', 'Germany 19%', 'Sweden 8%']",99%,.no
Oman,16,OM,4.60%,"309,500","47,000",19.19,968.0,Muscat,"63,457",113.53,0.10%,OMR,2.89,0.00%,$0.45 ,"$76,983,094,928 ",103.40%,38.00%,9.8,Seeb,77.6,19.0,$4.33 ,Arabic,6.40%,2.0,"5,266,535",72.40%,2.50%,27.40%,2.67%,"4,250,777",21.4735329,55.975413,Saudi Arabia 658 km,"3,004 m","2,092 km",False,Muslim 85.9%,26.2 years,"3.21 deaths/1,000 population",27%,95.70%,"$34,300.00",,$46.324 billion,"['China 46%', 'India 8%', 'Japan 6%']",96%,.om
Pakistan,287,PK,47.80%,"796,095","936,000",28.25,92.0,Islamabad,"201,150",182.32,10.60%,PKR,3.51,1.90%,$0.79 ,"$304,400,000,000 ",94.30%,9.00%,57.2,Karachi,67.1,140.0,$0.69 ,Urdu,66.50%,0.98,"216,565,318",52.60%,9.20%,33.90%,4.45%,"79,927,762",30.375321,69.345116,China 438 km,"8,611 m","1,046 km",False,Muslim (official) 96.5% (Sunni 85-90%,22 years,"5.94 deaths/1,000 population",8.60%,58%,"$5,200.00",24.30%,$35.566 billion,"['United States 14%', 'China 8%', 'Germany 7%']",21%,.pk
Palau,39,PW,10.90%,459,,14.0,680.0,Ngerulmud,224,118.17,1.30%,USD,2.21,87.60%,,"$283,994,900 ",112.60%,54.70%,16.6,Koror,69.1,,$3.00 ,English,21.80%,1.18,"18,233",,21.30%,76.60%,,"14,491",7.51498,134.58252,,242 m,"1,519 km",False,Roman Catholic 45.3%,33.9 years,"8.31 deaths/1,000 population",55.30%,96.60%,"$13,800.00",24.90%,$12.07 million,"['Japan 70%', 'South Korea 15%', 'United States 7%']",37.20%,.pw
Panama,58,PA,30.40%,"75,420","26,000",18.98,507.0,Panama City,"10,715",122.07,-0.40%,,2.46,61.90%,$0.74 ,"$66,800,800,000 ",94.40%,47.80%,13.1,Panama City,78.3,52.0,$1.53 ,Spanish,30.50%,1.57,"4,246,439",66.60%,,37.20%,3.90%,"2,890,084",8.537981,-80.782127,Costa Rica 348 km,"3,475 m","2,490 km",True,Roman Catholic 48.6%,30.1 years,"5.88 deaths/1,000 population",22.70%,95.70%,"$29,000.00",22.10%,$27.237 billion,"['Ecuador 20%', 'Guatemala 14%', 'China 8%']",68%,.pa
Papua New Guinea,20,PG,2.60%,"462,840","4,000",27.07,675.0,Port Moresby,"7,536",155.99,3.60%,PGK,3.56,74.10%,$1.36 ,"$24,969,611,435 ",108.50%,1.80%,38.0,Port Moresby,64.3,145.0,$1.16 ,Tok Pisin,5.80%,0.07,"8,776,109",47.20%,13.60%,37.10%,2.46%,"1,162,834",-6.314993,143.95555,Indonesia 824 km,"4,509 m","5,152 km",False,Protestant 64.3% (Evangelical Lutheran 18.4%,24 years,"5.48 deaths/1,000 population",21.30%,64.20%,"$3,700.00",37%,$10.597 billion,"['Japan 25%', 'China 25%', 'Australia 16%']",32%,.pg
Paraguay,18,PY,55.10%,"406,752","27,000",20.57,595.0,Asunci��,"7,407",143.82,2.80%,PYG,2.43,37.70%,$1.04 ,"$38,145,288,940 ",104.40%,34.60%,17.2,Ciudad del Este,74.1,129.0,$1.55 ,Spanish,36.50%,1.35,"7,044,636",72.10%,10.00%,35.00%,4.81%,"4,359,150",-23.442503,-58.443832,"Argentina 2,531 km",842 m,0 km,True,Roman Catholic 89.6%,29.7 years,"4.9 deaths/1,000 population",20.30%,94.50%,"$13,700.00",23.50%,$14.154 billion,"['Brazil 32%', 'Argentina 22%', 'Chile 8%']",77%,.py
Peru,26,PE,18.50%,"1,285,216","158,000",17.95,51.0,Lima,"57,414",129.78,2.10%,PEN,2.25,57.70%,$0.99 ,"$226,848,050,820 ",106.90%,70.70%,11.1,Lima,76.5,88.0,$1.28 ,Spanish,30.90%,1.27,"32,510,453",77.60%,14.30%,36.80%,3.31%,"25,390,339",-9.189967,-75.015152,Chile 168 km,"6,746 m","2,414 km",False,Roman Catholic 60%,29.1 years,"11.04 deaths/1,000 population",19.70%,94.50%,"$12,500.00",20.20%,$66.098 billion,"['China 29%', 'United States 12%', 'Canada 5%']",71%,.pe
Philippines,368,PH,41.70%,"300,000","153,000",20.55,63.0,Manila,"122,287",129.61,2.50%,PHP,2.58,27.80%,$0.86 ,"$376,795,508,680 ",107.50%,35.50%,22.5,Manila,71.1,121.0,$1.12 ,English,53.50%,0.6,"108,116,615",59.60%,14.00%,43.10%,2.15%,"50,975,903",12.879721,121.774017,,"2,954 m","36,289 km",False,Roman Catholic 79.5%,24.1 years,"6.32 deaths/1,000 population",6.40%,96.30%,"$8,100.00",16.70%,$87.79 billion,"['China 16%', 'United States 15%', 'Japan 13%']",53%,.ph
Poland,124,PL,46.90%,"312,685","191,000",10.2,48.0,Warsaw,"299,037",114.11,2.20%,PLN,1.46,30.90%,$1.07 ,"$592,164,400,688 ",100.00%,67.80%,3.8,Warsaw,77.6,2.0,$2.93 ,Polish,23.20%,2.38,"37,970,874",56.70%,17.40%,40.80%,3.47%,"22,796,574",51.919438,19.145136,Belarus 375 km,"2,499 m",440 km,True,Catholic 85% (includes Roman Catholic 84.8% and other Catholic 0.3%),41.9 years,"10.75 deaths/1,000 population",23.10%,99.80%,"$34,900.00",15.40%,$411.621 billion,"['Germany 28%', 'UK 6%', 'Czechia 6%']",85%,.pl
Portugal,111,PT,39.50%,"92,212","52,000",8.5,351.0,Lisbon,"48,742",110.62,0.30%,EUR,1.38,34.60%,$1.54 ,"$237,686,075,635 ",106.20%,63.90%,3.1,Lisbon,81.3,8.0,$3.78 ,Portuguese,27.70%,5.12,"10,269,417",58.80%,22.80%,39.80%,6.33%,"6,753,579",39.399872,-8.224454,"Spain 1,224 km","2,351 m","1,793 km",False,Roman Catholic 79.7%,44.6 years,"10.9 deaths/1,000 population",20.80%,95.90%,"$33,700.00",17.20%,$105.648 billion,"['Spain 26%', 'France 12%', 'Germany 12%']",82%,.pt
Qatar,248,QA,5.80%,"11,586","22,000",9.54,974.0,Doha,"103,259",115.38,-0.70%,QAR,1.87,0.00%,$0.40 ,"$183,466,208,791 ",103.80%,17.90%,5.8,Doha,80.1,9.0,,Arabic,6.20%,2.49,"2,832,067",86.80%,14.70%,11.30%,0.09%,"2,809,071",25.354826,51.183884,Saudi Arabia 87 km,103 m,563 km,False,Muslim 65.2%,33.7 years,"1.42 deaths/1,000 population",35.10%,93.50%,"$92,900.00",,$105.549 billion,"['Japan 17%', 'South Korea 16%', 'India 14%']",100%,.qa
Romania,84,RO,58.80%,"238,391","126,000",9.6,40.0,Bucharest,"69,259",123.78,3.80%,RON,1.71,30.10%,$1.16 ,"$250,077,444,017 ",85.20%,49.40%,6.1,Bucharest,75.4,19.0,$2.25 ,Romanian,21.30%,2.98,"19,356,544",54.70%,14.60%,20.00%,3.98%,"10,468,793",45.943161,24.96676,Serbia 531 km,"2,544 m",225 km,False,Romanian Orthodox 85.3%,42.5 years,"14.92 deaths/1,000 population",22.50%,98.90%,"$30,800.00",23.80%,$115.879 billion,"['Germany 22%', 'Italy 10%', 'France 7%']",84%,.ro
Russia,9,RU,13.30%,"17,098,240","1,454,000",11.5,7.0,Moscow,"1,732,027",180.75,4.50%,RUB,1.57,49.80%,$0.59 ,"$1,699,876,578,871 ",102.60%,81.90%,6.1,Moscow,72.7,17.0,$0.53 ,Russian,36.40%,4.01,"144,373,535",61.80%,11.40%,46.20%,4.59%,"107,683,889",61.52401,105.318756,North Korea 18 km,"5,642 m","37,653 km",False,Russian Orthodox 15-20%,40.3 years,"13.27 deaths/1,000 population",23.10%,99.70%,"$28,000.00",12.60%,$550.035 billion,"['China 14%', 'Netherlands 10%', 'Belarus 5%']",88%,".ru; note - Russia also has responsibility for a legacy domain "".su"" that was allocated to the Soviet Union and is being phased out"
Rwanda,525,RW,73.40%,"26,338","35,000",31.7,250.0,Kigali,"1,115",151.09,3.40%,RWF,4.04,19.70%,$1.17 ,"$10,122,472,590 ",133.00%,6.70%,27.0,Kigali,68.7,248.0,,Swahili,26.00%,0.13,"12,626,950",83.70%,14.30%,33.20%,1.03%,"2,186,104",-1.940278,29.873888,Burundi 315 km,"4,519 m",0 km,True,Protestant 57.7% (includes Adventist 12.6%),19.7 years,"5.77 deaths/1,000 population",5.80%,75.90%,"$2,200.00",38.20%,$2.11 billion,"['United Arab Emirates 35%', 'Democratic Republic of the Congo 28%', 'Uganda 5%']",30%,.rw
Saint Kitts and Nevis,205,KN,23.10%,261,,12.6,1.0,Basseterre,238,104.57,-1.00%,XCD,2.11,42.30%,,"$1,050,992,593 ",108.70%,86.70%,9.8,Basseterre,71.3,,$3.33 ,English,56.60%,2.52,"52,823",,18.50%,49.70%,,"16,269",17.357822,-62.782998,,"1,156 m",135 km,False,Protestant 75.6% (includes Anglican 16.6%,36.5 years,"7.32 deaths/1,000 population",22.90%,,"$26,500.00",,$408.471 million,"['United States 56%', 'Italy 19%', 'Canada 4%']",79%,.kn
Saint Lucia,301,LC,17.40%,616,,12.0,1.0,Castries,414,110.13,1.90%,XCD,1.44,33.20%,$1.30 ,"$2,122,450,630 ",102.60%,14.10%,14.9,Castries,76.1,117.0,,English,48.40%,0.64,"182,790",67.10%,18.20%,34.70%,20.71%,"34,280",13.909444,-60.978893,,948 m,158 km,False,Roman Catholic 61.5%,36.9 years,"8.17 deaths/1,000 population",19.70%,,"$13,000.00",25%,$890.724 million,['Brazil 98%'],78%,.lc
Saint Vincent and the Grenadines,284,VC,25.60%,389,,14.24,1.0,Kingstown,220,109.67,2.30%,XCD,1.89,69.20%,,"$825,385,185 ",113.40%,23.70%,14.8,Calliaqua,72.4,68.0,$1.16 ,English,21.40%,0.66,"100,455",65.90%,25.40%,37.00%,18.88%,"58,185",12.984305,-61.287228,,"1,234 m",84 km,False,Protestant 75% (Pentecostal 27.6%,35.3 years,"7.58 deaths/1,000 population",23.70%,,"$13,700.00",,$125.777 million,"['Netherlands 45%', 'India 9%', 'United States 6%']",85%,.vc
Samoa,70,WS,12.40%,"2,831",,24.38,685.0,Apia,246,117.56,1.00%,WST,3.88,60.40%,$0.91 ,"$850,655,017 ",110.50%,7.60%,13.6,Apia,73.2,43.0,$0.78 ,Samoan,11.50%,0.34,"202,506",43.70%,25.50%,19.30%,8.36%,"35,588",-13.759029,-172.104629,,"1,857 m",403 km,False,Protestant 54.9% (Congregationalist 29%,25.6 years,"5.38 deaths/1,000 population",47.30%,99.10%,"$5,500.00",20.30%,$97.774 million,"['United States 20%', 'New Zealand 16%', 'American Samoa 11%']",78%,.ws
San Marino,566,SM,16.70%,61,,6.8,378.0,City of San Marino,,110.63,1.00%,EUR,1.26,0.00%,,"$1,637,931,034 ",108.10%,42.50%,1.7,City of San Marino,85.4,,,Italian,18.30%,6.11,"33,860",,18.10%,36.20%,,"32,969",43.94236,12.457777,Italy 37 km,739 m,0 km,True,Roman Catholic,45.2 years,"8.83 deaths/1,000 population",,99.90%,"$56,400.00",,$3.827 billion,"['Romania 10%', 'France 9%', 'Germany 8%']",75%,.sm
Saudi Arabia,16,SA,80.80%,"2,149,690","252,000",17.8,966.0,Riyadh,"563,449",118.4,-1.20%,SAR,2.32,0.50%,$0.24 ,"$792,966,838,162 ",99.80%,68.00%,6.0,Riyadh,75.0,17.0,$3.85 ,Arabic,15.00%,2.61,"34,268,528",55.90%,8.90%,15.70%,5.93%,"28,807,838",23.885942,45.079162,Oman 658 km,"3,000 m","2,640 km",True,Muslim (official; citizens are 85-90% Sunni and 10-12% Shia),30.8 years,"3.45 deaths/1,000 population",35.40%,97.60%,"$44,300.00",,$286.502 billion,"['China 20%', 'India 11%', 'Japan 11%']",100%,.sa
Senegal,87,SN,46.10%,"196,722","19,000",34.52,221.0,Dakar,"10,902",109.25,1.80%,XOF,4.63,42.80%,$1.14 ,"$23,578,084,052 ",81.00%,12.80%,31.8,Pikine,67.7,315.0,$0.31 ,French,44.20%,0.07,"16,296,364",45.70%,16.30%,44.80%,6.60%,"7,765,706",14.497401,-14.452362,Mali 489 km,648 m,531 km,False,Muslim 97.2% (most adhere to one of the four main Sufi brotherhoods),19.4 years,"5 deaths/1,000 population",8.80%,56.30%,"$3,500.00",46.70%,$5.287 billion,"['Mali 22%', 'Switzerland 14%', 'India 9%']",58%,.sn
Serbia,100,RS,39.30%,"77,474","32,000",9.2,381.0,Belgrade,"45,221",144,1.80%,RSD,1.49,31.10%,$1.16 ,"$51,409,167,351 ",100.30%,67.20%,4.8,Belgrade,75.5,12.0,$1.57 ,Serbian,40.60%,3.11,"6,944,975",54.90%,18.60%,36.60%,12.69%,"3,907,243",44.016521,21.005859,Hungary 164 km,"2,169 m",0 km,True,Orthodox 84.6%,43.4 years,"15.12 deaths/1,000 population",21.50%,99.50%,"$19,800.00",23.20%,$33.726 billion,"['Germany 12%', 'Italy 10%', 'Bosnia and Herzegovina 7%']",81%,.rs
Seychelles,214,SC,3.40%,455,0,17.1,248.0,"Victoria, Seychelles",605,129.96,1.80%,SCR,2.41,88.40%,,"$1,698,843,063 ",100.40%,17.10%,12.4,"Victoria, Seychelles",72.8,53.0,$2.00 ,French,2.50%,0.95,"97,625",,34.10%,30.10%,,"55,762",-4.679574,55.491977,,905 m,491 km,False,Roman Catholic 76.2%,36.8 years,"6.9 deaths/1,000 population",14%,95.90%,"$28,800.00",25.30%,$1.751 billion,"['United Arab Emirates 17%', 'United Kingdom 13%', 'France 12%']",82%,.sc
Sierra Leone,111,SL,54.70%,"71,740","9,000",33.41,232.0,Freetown,"1,093",234.16,14.80%,SLL,4.26,43.10%,$1.08 ,"$3,941,474,311 ",112.80%,2.00%,78.5,Freetown,54.3,1120.0,$0.57 ,English,38.20%,0.03,"7,813,215",57.90%,8.60%,30.70%,4.43%,"3,319,366",8.460555,-11.779889,Guinea 794 km,"1,948 m",402 km,False,Muslim 77.1%,19.1 years,"9.14 deaths/1,000 population",8.70%,47.70%,"$1,600.00",56.80%,$700.971 million,"['Belgium 26%', 'China 25%', 'Romania 9%']",12.70%,.sl
Singapore,"8,358",SG,0.90%,716,"81,000",8.8,65.0,,"37,535",114.41,0.60%,SGD,1.14,23.10%,$1.25 ,"$372,062,527,489 ",100.60%,84.80%,2.3,,83.1,8.0,,Malay,36.70%,2.29,"5,703,569",70.50%,13.10%,21.00%,4.11%,"5,703,569",1.352083,103.819836,,166 m,193 km,False,Buddhist 31.1%,35.6 years,"4.15 deaths/1,000 population",6.10%,97.50%,"$106,000.00",,$733.782 billion,"['China 15%', 'Hong Kong 13%', 'Malaysia 9%']",91%,.sg
Slovakia,114,SK,39.20%,"49,035","16,000",10.6,421.0,Bratislava,"32,424",115.34,2.70%,EUR,1.52,40.40%,$1.32 ,"$105,422,304,976 ",98.70%,46.60%,4.6,Bratislava,77.2,5.0,$3.11 ,Slovak,18.40%,3.42,"5,454,073",59.50%,18.70%,49.70%,5.56%,"2,930,419",48.669026,19.699024,Poland 517 km,"2,655 m",0 km,True,Roman Catholic 55.8%,41.8 years,"10.18 deaths/1,000 population",20.50%,,"$31,900.00",11.90%,$107.43 billion,"['Germany 22%', 'Czechia 11%', 'Poland 7%']",89%,.sk
Slovenia,103,SI,30.70%,"20,273","7,000",9.4,386.0,Ljubljana,"12,633",111.05,1.60%,EUR,1.6,62.00%,$1.32 ,"$53,742,159,517 ",100.40%,78.60%,1.7,Ljubljana,81.0,7.0,$5.25 ,Slovene language,12.50%,3.09,"2,087,946",58.40%,18.60%,31.00%,4.20%,"1,144,654",46.151241,14.995463,Italy 218 km,"2,864 m",46.6 km,False,Catholic 57.8%,44.9 years,"10.46 deaths/1,000 population",20.20%,99.70%,"$40,000.00",12%,$51.634 billion,"['Germany 18%', 'Italy 11%', 'Croatia 8%']",89%,.si
Solomon Islands,25,SB,3.90%,"28,896",,32.44,677.0,Honiara,169,133.06,1.60%,SBD,4.4,77.90%,,"$1,425,074,226 ",106.20%,,17.1,Honiara,72.8,104.0,$0.40 ,English,3.30%,0.19,"669,823",83.80%,29.50%,32.00%,0.58%,"162,164",-9.64571,160.156194,,"2,335 m","5,313 km",False,Protestant 73.4% (Church of Melanesia 31.9%,23.5 years,"3.95 deaths/1,000 population",22.50%,,"$2,400.00",12.70%,$413.657 million,"['China 65%', 'Italy 9%', 'India 6%']",36%,.sb
Somalia,25,SO,70.30%,"637,657","20,000",41.75,252.0,Mogadishu,645,,,SOS,6.07,10.00%,$1.41 ,"$4,720,727,278 ",23.40%,2.50%,76.6,Bosaso,57.1,829.0,,Arabic,,0.02,"15,442,905",47.40%,0.00%,,11.35%,"7,034,861",5.152149,46.199616,Djibouti 61 km,"2,460 m","3,025 km",False,Sunni Muslim (Islam) (official,18.5 years,"11.43 deaths/1,000 population",8.30%,,"$1,100.00",,$819 million,"['United Arab Emirates 47%', 'Saudi Arabia 19%', 'India 5%']",14.50%,.so
South Africa,49,ZA,79.80%,"1,219,090","80,000",20.51,27.0,Pretoria,"476,644",158.93,4.10%,ZAR,2.41,7.60%,$0.92 ,"$351,431,649,241 ",100.90%,22.40%,28.5,Johannesburg,63.9,119.0,,Afrikaans,7.70%,0.91,"58,558,270",56.00%,27.50%,29.20%,28.18%,"39,149,717",-30.559482,22.937506,"Botswana 1,969 km","3,450 m","2,798 km",False,"Christian 86%,Â  traditional African religions 5.4%",28 years,"9.25 deaths/1,000 population",28.30%,95%,"$13,300.00",55.50%,$130.885 billion,"['China 15%', 'United Kingdom 8%', 'Germany 7%']",72%,.za
South Korea,527,KR,17.40%,"99,720","634,000",6.4,82.0,Seoul,"620,302",115.16,0.40%,KRW,0.98,63.40%,$1.22 ,"$2,029,000,000,000 ",98.10%,94.30%,2.7,Seoul,82.6,11.0,$6.49 ,Korean,36.80%,2.36,"51,709,098",63.00%,15.60%,33.20%,4.15%,"42,106,719",35.907757,127.766922,,,,,,,,,,,,,,,
South Sudan,18,SS,,"644,329","185,000",35.01,211.0,Juba,"1,727","4,583.71",187.90%,SSP,4.7,,$0.28 ,"$11,997,800,751 ",73.00%,,63.7,Juba,57.6,1150.0,,English,61.30%,,"11,062,113",72.40%,,31.40%,12.24%,"2,201,250",6.8769919,31.3069788,final alignment pending negotiations and demarcation,"3,187 m",0 km,True,Christian 60.5%,18.6 years,"9.22 deaths/1,000 population",6.60%,34.50%,"$1,600.00",76.40%,$4.652 billion,"['China 88%', 'United Arab Emirates 5%']",7.90%,.ss
Spain,94,ES,52.60%,"505,370","196,000",7.9,34.0,Madrid,"244,002",110.96,0.70%,EUR,1.26,36.90%,$1.26 ,"$1,394,116,310,769 ",102.70%,88.90%,2.5,Madrid,83.3,4.0,$5.60 ,Spanish,24.20%,3.87,"47,076,781",57.50%,14.20%,47.00%,13.96%,"37,927,409",40.463667,-3.74922,Morocco (Ceuta) 8 km and Morocco (Melilla) 10.5 km,"3,718 m","4,964 km",False,Roman Catholic 58.2%,43.9 years,"10.11 deaths/1,000 population",23.80%,98.60%,"$37,900.00",20.70%,$497.868 billion,"['France 15%', 'Germany 11%', 'Italy 8%']",94%,.es
Sri Lanka,341,LK,43.70%,"65,610","317,000",15.83,94.0,Colombo,"23,362",155.53,3.50%,LKR,2.2,32.90%,$0.88 ,"$84,008,783,756 ",100.20%,19.60%,6.4,Colombo,76.8,36.0,$0.35 ,Tamil,38.40%,1.0,"21,803,000",53.90%,11.90%,55.20%,4.20%,"4,052,088",7.873054,80.771797,,"2,524 m","1,340 km",True,Buddhist (official) 70.2%,33.7 years,"6.54 deaths/1,000 population",5.20%,92.30%,"$13,400.00",4.10%,$13.083 billion,"['United States 24%', 'India 8%', 'United Kingdom 7%']",67%,.lk
Sudan,25,SD,28.70%,"1,861,484","124,000",32.18,249.0,Khartoum,"20,000","1,344.19",51.00%,SDG,4.41,8.10%,$0.95 ,"$18,902,284,476 ",76.80%,16.90%,42.1,Omdurman,65.1,295.0,$0.41 ,Arabic,63.20%,0.26,"42,813,238",48.40%,8.00%,45.40%,16.53%,"14,957,233",12.862807,30.217636,Central African Republic 174 km,"3,042 m",853 km,False,Sunni Muslim,18.3 years,"6.19 deaths/1,000 population",6.60%,60.70%,"$3,700.00",46.50%,$5.916 billion,"['United Arab Emirates 31%', 'China 19%', 'Saudi Arabia 14%']",28.80%,.sd
Suriname,4,SR,0.60%,"163,820","2,000",18.54,597.0,Paramaribo,"1,738",294.66,22.00%,SRD,2.42,98.30%,$1.29 ,"$3,985,250,737 ",108.80%,12.60%,16.9,Paramaribo,71.6,120.0,,Dutch,10.10%,1.21,"581,372",51.10%,19.50%,27.90%,7.33%,"384,258",3.919305,-56.027783,Guyana 836 km,"1,230 m",386 km,False,Protestant 23.6% (includes Evangelical 11.2%,31 years,"6.63 deaths/1,000 population",26.40%,95%,"$14,800.00",70%,$2.299 billion,"['Switzerland 51%', 'United Arab Emirates 22%', 'Belgium 6%']",66%,.sr
Sweden,25,SE,7.40%,"450,295","30,000",11.4,46.0,Stockholm,"43,252",110.51,1.80%,SEK,1.76,68.90%,$1.42 ,"$530,832,908,738 ",126.60%,67.00%,2.2,S�����,82.5,4.0,,Swedish,15.20%,3.98,"10,285,453",64.60%,27.90%,49.10%,6.48%,"9,021,165",60.128161,18.643501,Finland 545 km,"2,100 m","3,218 km",False,Church of Sweden (Lutheran) 57.6%,41.1 years,"9.5 deaths/1,000 population",20.60%,,"$53,600.00",17.10%,$290.793 billion,"['Germany 10%', 'Norway 9%', 'United States 8%']",88%,.se
Switzerland,219,CH,38.40%,"41,277","21,000",10.0,41.0,Bern,"34,477",99.55,0.40%,CHF,1.52,31.80%,$1.45 ,"$703,082,435,360 ",105.20%,59.60%,3.7,Z���,83.6,5.0,,German,28.30%,4.3,"8,574,832",68.30%,10.10%,28.80%,4.58%,"6,332,428",46.818188,8.227512,Germany 348 km,"4,634 m",0 km,True,Roman Catholic 34.4%,42.7 years,"8.37 deaths/1,000 population",19.50%,,"$71,000.00",16%,$571.376 billion,"['Germany 16%', 'United States 14%', 'United Kingdom 8%']",96%,.ch
Syria,95,SY,75.80%,"185,180","239,000",23.69,963.0,Damascus,"28,830",143.2,36.70%,SYP,2.81,2.70%,$0.83 ,"$40,405,006,007 ",81.70%,40.10%,14.0,Damascus,71.8,31.0,$1.02 ,Arabic,53.70%,1.22,"17,070,135",44.10%,14.20%,42.70%,8.37%,"9,358,019",34.802075,38.996815,Jordan 379 km,"2,814 m",193 km,False,Muslim 87% (official; includes Sunni 74% and Alawi,23.5 years,"4.07 deaths/1,000 population",27.80%,86.40%,"$2,900.00",82.50%,$1.85 billion,"['Saudi Arabia 23%', 'Turkey 18%', 'Egypt 14%']",46.60%,.sy
Tajikistan,68,TJ,34.10%,"144,100","17,000",30.76,992.0,Dushanbe,"5,310",148.57,6.00%,TJS,3.59,3.00%,$0.71 ,"$8,116,626,794 ",100.90%,31.30%,30.4,Dushanbe,70.9,17.0,$0.23 ,Persian,63.10%,1.7,"9,321,018",42.00%,9.80%,67.30%,11.02%,"2,545,477",38.861034,71.276093,"Afghanistan 1,357 km","7,495 m",0 km,True,Muslim 98% (Sunni 95%,25.3 years,"5.67 deaths/1,000 population",14.20%,99.80%,"$3,900.00",26.30%,$2.161 billion,"['Turkey 24%', 'Switzerland 22%', 'Uzbekistan 16%']",30.40%,.tj
Tanzania,67,TZ,44.80%,"947,300","28,000",36.7,255.0,Dodoma,"11,973",187.43,3.50%,TZS,4.89,51.60%,$0.87 ,"$63,177,068,175 ",94.20%,4.00%,37.6,Dar es Salaam,65.0,524.0,$0.09 ,Swahili,26.10%,0.01,"58,005,463",83.40%,11.50%,43.80%,1.98%,"20,011,885",-6.369028,34.888822,Burundi 589 km,"5,895 m","1,424 km",False,Christian 63.1%,18.2 years,"5.02 deaths/1,000 population",8.40%,81.80%,"$2,600.00",26.40%,$8.555 billion,"['India 15%', 'United Arab Emirates 15%', 'Switzerland 14%']",32%,.tz
Thailand,137,TH,43.30%,"513,120","455,000",10.34,66.0,Bangkok,"283,763",113.27,0.70%,THB,1.53,32.20%,$0.71 ,"$543,649,976,166 ",99.80%,49.30%,7.8,Bangkok,76.9,37.0,$1.06 ,Thai,11.80%,0.81,"69,625,582",67.30%,14.90%,29.50%,0.75%,"35,294,600",15.870032,100.992541,Malaysia 595 km,"2,565 m","3,219 km",False,Buddhist 94.6%,39 years,"7.86 deaths/1,000 population",10%,94.10%,"$17,100.00",9.90%,$296.002 billion,"['United States 13%', 'China 12%', 'Japan 10%']",85%,.th
East Timor,89,TL,25.60%,"14,874","2,000",29.42,670.0,Dili,495,145.38,2.60%,USD,4.02,45.40%,$1.10 ,"$1,673,540,300 ",115.30%,17.80%,39.3,Dili,69.3,142.0,$0.60 ,Portuguese,10.20%,0.72,"3,500,000",67.30%,25.00%,17.30%,4.55%,"400,182",-8.874217,125.727539,,,,,,,,,,,,,,,
Togo,152,TG,70.20%,"56,785","10,000",33.11,228.0,Lom�,"3,000",113.3,0.70%,XOF,4.32,3.10%,$0.71 ,"$5,459,979,417 ",123.80%,14.50%,47.4,Lom�,60.8,396.0,$0.34 ,French,51.00%,0.08,"8,082,366",77.60%,16.90%,48.20%,2.04%,"3,414,638",8.619543,0.824782,Burkina Faso 131 km,986 m,56 km,False,Christian 42.3%,20 years,"5.16 deaths/1,000 population",8.40%,66.50%,"$2,100.00",55.10%,$1.722 billion,"['India 16%', 'Benin 15%', 'Burkina Faso 6%']",35%,.tg
Tonga,147,TO,45.80%,747,,24.3,676.0,Nuku����,128,121.09,7.40%,TOP,3.56,12.50%,,"$450,353,314 ",116.30%,6.40%,13.4,Nuku����,70.8,52.0,,Tongan Language,10.20%,0.52,"100,209",59.80%,22.30%,27.50%,1.12%,"24,145",-21.178986,-175.198242,,"1,046 m",419 km,False,Protestant 64.1% (includes Free Wesleyan Church 35%,24.1 years,"4.95 deaths/1,000 population",48.20%,99.40%,"$6,100.00",22.50%,$58.745 million,"['United States 38%', 'South Korea 18%', 'Australia 14%']",67%,.to
Trinidad and Tobago,273,TT,10.50%,"5,128","4,000",12.94,1.0,Port of Spain,"43,868",141.75,1.00%,TTD,1.73,46.00%,$0.54 ,"$24,100,202,834 ",106.20%,12.00%,16.4,Chaguanas,73.4,67.0,$2.25 ,English,37.30%,4.17,"1,394,973",60.00%,19.50%,40.50%,2.69%,"741,944",10.691803,-61.222503,,940 m,362 km,False,Protestant 32.1% (Pentecostal/Evangelical/Full Gospel 12%,37.8 years,"8.48 deaths/1,000 population",18.60%,99%,"$23,000.00",20%,$11.467 billion,"['United States 37%', 'Guyana 6%', 'China 5%']",79%,.tt
Tunisia,76,TN,64.80%,"163,610","48,000",17.56,216.0,Tunis,"29,937",155.33,6.70%,TND,2.2,6.80%,$0.73 ,"$38,797,709,924 ",115.40%,31.70%,14.6,Tunis,76.5,43.0,$0.47 ,Arabic,39.80%,1.3,"11,694,719",46.10%,21.10%,60.70%,16.02%,"8,099,061",33.886917,9.537499,"Algeria 1,034 km","1,544 m","1,148 km",False,Muslim (official; Sunni) 99%,32.7 years,"6.38 deaths/1,000 population",26.90%,82.70%,"$10,400.00",15.20%,$19.743 billion,"['France 29%', 'Italy 17%', 'Germany 13%']",79%,.tn
Turkey,110,TR,49.80%,"783,562","512,000",16.03,90.0,Ankara,"372,725",234.44,15.20%,TRY,2.07,15.40%,$1.42 ,"$754,411,708,203 ",93.20%,23.90%,9.1,Istanbul,77.4,17.0,$3.45 ,Turkish,16.90%,1.85,"83,429,615",52.80%,17.90%,42.30%,13.49%,"63,097,818",38.963745,35.243322,,,,,,,,,,,,,,,
Turkmenistan,13,TM,72.00%,"488,100","42,000",23.83,993.0,Ashgabat,"70,630",,,TMT,2.79,8.80%,$0.29 ,"$40,761,142,857 ",88.40%,8.00%,39.3,Ashgabat,68.1,7.0,$0.88 ,Turkmen,71.10%,2.22,"5,942,089",64.50%,,,3.91%,"3,092,738",38.969719,59.556278,"Iran 1,148 km","3,139 m",0 km,True,Muslim 93%,29.2 years,"5.96 deaths/1,000 population",18.60%,99.70%,"$15,000.00",0.20%,$7.458 billion,['China 82%'],25.30%,.tm
Tuvalu,393,TV,60.00%,26,,,688.0,Funafuti,11,,,AUD,,33.30%,,"$47,271,463 ",86.00%,,20.6,Singapore,,,,Tuvaluan Language,0.70%,0.92,"11,646",,,,,"7,362",-7.109535,177.64933,,5 m,24 km,False,Protestant 92.7% (Congregational Christian Church of Tuvalu 85.9%,26.6 years,"7.9 deaths/1,000 population",51.60%,,"$4,900.00",26.30%,$2.699 million,"['Thailand 50%', 'Indonesia 40%']",49%,.tv
Uganda,229,UG,71.90%,"241,038","46,000",38.14,256.0,Kampala,"5,680",173.87,2.90%,UGX,4.96,9.70%,$0.94 ,"$34,387,229,486 ",102.70%,4.80%,33.8,Buganda,63.0,375.0,$0.01 ,Swahili,40.50%,0.17,"44,269,594",70.30%,11.70%,33.70%,1.84%,"10,784,516",1.373333,32.290275,Tanzania 391 km,"5,110 m",0 km,True,Protestant 45.1% (Anglican 32.0%,15.7 years,"4.87 deaths/1,000 population",5.30%,79%,"$2,200.00",21.40%,$6.177 billion,"['United Arab Emirates 58%', 'Kenya 9%']",10%,.ug
Ukraine,75,UA,71.70%,"603,550","297,000",8.7,380.0,Kyiv,"202,250",281.66,7.90%,UAH,1.3,16.70%,$0.83 ,"$153,781,069,118 ",99.00%,82.70%,7.5,Kyiv,71.6,19.0,$0.84 ,Ukrainian,47.80%,2.99,"44,385,155",54.20%,20.10%,45.20%,8.88%,"30,835,699",48.379433,31.16558,"Russia 1,944 km, Slovakia 97 km","2,061 m","2,782 km",False,Orthodox (includes the Orthodox Church of Ukraine (OCU),41.2 years,"13.7 deaths/1,000 population",24.10%,100%,"$12,900.00",1.10%,$81.504 billion,"['Russia 9%', 'China 8%', 'Germany 6%']",79%,.ua
United Arab Emirates,118,AE,5.50%,"83,600","63,000",10.33,971.0,Abu Dhabi,"206,324",114.52,-1.90%,AED,1.41,4.60%,$0.49 ,"$421,142,267,938 ",108.40%,36.80%,6.5,Dubai,77.8,3.0,,Arabic,17.80%,2.53,"9,770,529",82.10%,0.10%,15.90%,2.35%,"8,479,744",23.424076,53.847818,Saudi Arabia 457 km,"1,905 m","1,318 km",False,Muslim (official) 76%,38.4 years,"1.62 deaths/1,000 population",31.70%,98.10%,"$69,700.00",19.50%,$308.5 billion,"['India 11%', 'Japan 10%', 'Saudi Arabia 7%']",100%,.ae
United Kingdom,281,GB,71.70%,"243,610","148,000",11.0,44.0,London,"379,025",119.62,1.70%,GBP,1.68,13.10%,$1.46 ,"$2,827,113,184,696 ",101.20%,60.00%,3.6,London,81.3,7.0,$10.13 ,English,14.80%,2.81,"66,834,405",62.80%,25.50%,30.60%,3.85%,"55,908,316",55.378051,-3.435973,Ireland 499 km,"1,345 m","12,429 km",False,Christian (includes Anglican,40.6 years,"9.12 deaths/1,000 population",27.80%,,"$45,000.00",18.60%,$874.5 billion,"['United States 13%', 'Germany 9%', 'Netherlands 8%']",97%,.uk
United States,36,US,44.40%,"9,833,517","1,359,000",11.6,1.0,"Washington, D.C.","5,006,302",117.24,7.50%,USD,1.73,33.90%,$0.71 ,"$21,427,700,000,000 ",101.80%,88.20%,5.6,New York City,78.5,19.0,$7.25 ,,11.10%,2.61,"328,239,523",62.00%,9.60%,36.60%,14.70%,"270,663,028",37.09024,-95.712891,the base boundary is 28.5 km,America) m,"19,924 km",False,Protestant 46.5%,38.5 years,"8.42 deaths/1,000 population",36.20%,,"$63,700.00",15.10%,$2.557 trillion,"['Canada 16%', 'Mexico 15%', 'China 9%']",92%,.us
Uruguay,20,UY,82.60%,"176,215","22,000",13.86,598.0,Montevideo,"6,766",202.92,7.90%,UYU,1.97,10.70%,$1.50 ,"$56,045,912,952 ",108.50%,63.10%,6.4,Montevideo,77.8,17.0,$1.66 ,Spanish,16.20%,5.05,"3,461,734",64.00%,20.10%,41.80%,8.73%,"3,303,394",-32.522779,-55.765835,"Brazil 1,050 km",514 m,660 km,True,Roman Catholic 42%,35.5 years,"9.12 deaths/1,000 population",27.90%,98.80%,"$22,800.00",8.80%,$18.82 billion,"['China 29%', 'Brazil 12%', 'United States 5%']",90%,.uy
Uzbekistan,79,UZ,62.90%,"447,400","68,000",23.3,998.0,Tashkent,"91,811",,,UZS,2.42,7.50%,$1.03 ,"$57,921,286,440 ",104.20%,10.10%,19.1,Tashkent,71.6,29.0,$0.24 ,Uzbek,42.70%,2.37,"33,580,650",65.10%,14.80%,31.60%,5.92%,"16,935,729",41.377491,64.585262,"Kyrgyzstan 1,314 km","4,643 m",0 km (doubly landlocked); note - Uzbekistan includes the southern portion of the Aral Sea with a 420 km shoreline,True,Muslim 88% (mostly Sunni),30.1 years,"5.43 deaths/1,000 population",16.60%,100%,"$7,700.00",14.10%,$16.399 billion,"['Switzerland 19%', 'United Kingdom 17%', 'Russia 15%']",77%,.uz
Vanuatu,25,VU,15.30%,"12,189",,29.6,678.0,Port Vila,147,117.13,2.80%,VUV,3.78,36.10%,$1.31 ,"$917,058,851 ",109.30%,4.70%,22.3,Port Vila,70.3,72.0,$1.56 ,French,8.90%,0.17,"299,882",69.90%,17.80%,8.50%,4.39%,"76,152",-15.376706,166.959158,,"1,877 m","2,528 km",False,Protestant 70% (includes Presbyterian 27.9%,23 years,"3.99 deaths/1,000 population",25.20%,89.10%,"$2,800.00",,$88.805 million,"['Japan 33%', 'Thailand 13%', 'Mauritania 13%']",66%,.vu
Venezuela,32,VE,24.50%,"912,050","343,000",17.88,58.0,Caracas,"164,175","2,740.27",254.90%,VED,2.27,52.70%,$0.00 ,"$482,359,318,768 ",97.20%,79.30%,21.4,Caracas,72.1,125.0,$0.01 ,Spanish,45.80%,1.92,"28,515,829",59.70%,,73.30%,8.80%,"25,162,368",6.42375,-66.58973,"Brazil 2,137 km","4,978 m","2,800 km",True,Roman Catholic 96%,30 years,"6.55 deaths/1,000 population",25.60%,97.50%,"$7,704.00",33.10%,$83.401 billion,"['India 34%', 'China 28%', 'United States 12%']",78.70%,.ve
Vietnam,314,VN,39.30%,"331,210","522,000",16.75,84.0,Hanoi,"192,668",163.52,2.80%,VND,2.05,48.10%,$0.80 ,"$261,921,244,843 ",110.60%,28.50%,16.5,Ho Chi Minh City,75.3,43.0,$0.73 ,Vietnamese,43.50%,0.82,"96,462,106",77.40%,19.10%,37.60%,2.01%,"35,332,140",14.058324,108.277199,"China 1,297 km","3,144 m","3,444 km",False,Catholic 6.1%,31.9 years,"5.77 deaths/1,000 population",2.10%,95.80%,"$10,600.00",6.70%,$339.984 billion,"['US 28%', 'China 17%', 'South Korea 6%']",74%,.vn
Yemen,56,YE,44.60%,"527,968","40,000",30.45,967.0,Sanaa,"10,609",157.58,8.10%,YER,3.79,1.00%,$0.92 ,"$26,914,402,224 ",93.60%,10.20%,42.9,Sanaa,66.1,164.0,,Arabic,81.00%,0.31,"29,161,922",38.00%,,26.60%,12.91%,"10,869,523",15.552727,48.516388,Oman 294 km,"3,666 m","1,906 km",False,Muslim 99.1% (official; virtually all are citizens,19.8 years (2018 est.),"5.54 deaths/1,000 population",17.10%,70.10%,"$2,500.00",48.60%,$384.5 million,"['China 53%', 'Saudi Arabia 10%', 'United Arab Emirates 7%']",26.60%,.ye
Zambia,25,ZM,32.10%,"752,618","16,000",36.19,260.0,Lusaka,"5,141",212.31,9.20%,ZMW,4.63,65.20%,$1.40 ,"$23,064,722,446 ",98.70%,4.10%,40.4,Lusaka,63.5,213.0,$0.24 ,English,27.50%,1.19,"17,861,030",74.60%,16.20%,15.60%,11.43%,"7,871,713",-13.133897,27.849332,Mozambique 439 km,"2,330 m",0 km,True,Protestant 75.3%,16.9 years,"6.02 deaths/1,000 population",8.10%,86.70%,"$3,200.00",54.40%,$11.716 billion,"['Switzerland 32%', 'China 14%', 'Namibia 12%']",21%,.zm
Zimbabwe,38,ZW,41.90%,"390,757","51,000",30.68,263.0,Harare,"10,983",105.51,0.90%,,3.62,35.50%,$1.34 ,"$21,440,758,800 ",109.90%,10.00%,33.9,Harare,61.2,458.0,,Shona,25.80%,0.21,"14,645,468",83.10%,20.70%,31.60%,4.95%,"4,717,305",-19.015438,29.154857,South Africa 230 km,"2,592 m",0 km,True,Protestant 74.8% (includes Apostolic 37.5%,20.5 years,"8.51 deaths/1,000 population",15.50%,89.70%,"$2,100.00",38.30%,$5.263 billion,"['United Arab Emirates 40%', 'South Africa 23%', 'Mozambique 9%']",35%,.zw
